sample_id	genotype_id	sex	cell_type	condition	timepoint	read_length	stranded	paired	protocol	qtl_mapping	study
TWPID10860	TWPID10860	NA	LCL	naive	0	50bp	FALSE	TRUE	poly(A)	TRUE	TwinsUK
TWPID10861	TWPID10861	NA	LCL	naive	0	50bp	FALSE	TRUE	poly(A)	TRUE	TwinsUK
TWPID11102	TWPID11102	NA	LCL	naive	0	50bp	FALSE	TRUE	poly(A)	TRUE	TwinsUK
TWPID11103	TWPID11103	NA	LCL	naive	0	50bp	FALSE	TRUE	poly(A)	TRUE	TwinsUK
TWPID12847	TWPID12847	NA	LCL	naive	0	50bp	FALSE	TRUE	poly(A)	TRUE	TwinsUK
TWPID2318	TWPID2318	NA	LCL	naive	0	50bp	FALSE	TRUE	poly(A)	TRUE	TwinsUK
TWPID5115	TWPID5115	NA	LCL	naive	0	50bp	FALSE	TRUE	poly(A)	TRUE	TwinsUK
TWPID6004	TWPID6004	NA	LCL	naive	0	50bp	FALSE	TRUE	poly(A)	TRUE	TwinsUK
TWPID7246	TWPID7246	NA	LCL	naive	0	50bp	FALSE	TRUE	poly(A)	TRUE	TwinsUK
TWPID7442	TWPID7442	NA	LCL	naive	0	50bp	FALSE	TRUE	poly(A)	TRUE	TwinsUK
TWPID11698	TWPID11698	NA	LCL	naive	0	50bp	FALSE	TRUE	poly(A)	TRUE	TwinsUK
TWPID11699	TWPID11699	NA	LCL	naive	0	50bp	FALSE	TRUE	poly(A)	TRUE	TwinsUK
TWPID4757	TWPID4757	NA	LCL	naive	0	50bp	FALSE	TRUE	poly(A)	TRUE	TwinsUK
TWPID4864	TWPID4864	NA	LCL	naive	0	50bp	FALSE	TRUE	poly(A)	TRUE	TwinsUK
TWPID5127	TWPID5127	NA	LCL	naive	0	50bp	FALSE	TRUE	poly(A)	TRUE	TwinsUK
TWPID6832	TWPID6832	NA	LCL	naive	0	50bp	FALSE	TRUE	poly(A)	TRUE	TwinsUK
TWPID8628	TWPID8628	NA	LCL	naive	0	50bp	FALSE	TRUE	poly(A)	TRUE	TwinsUK
TWPID8632	TWPID8632	NA	LCL	naive	0	50bp	FALSE	TRUE	poly(A)	TRUE	TwinsUK
TWPID9838	TWPID9838	NA	LCL	naive	0	50bp	FALSE	TRUE	poly(A)	TRUE	TwinsUK
TWPID9848	TWPID9848	NA	LCL	naive	0	50bp	FALSE	TRUE	poly(A)	TRUE	TwinsUK
TWPID11196	TWPID11196	NA	LCL	naive	0	50bp	FALSE	TRUE	poly(A)	TRUE	TwinsUK
TWPID11197	TWPID11197	NA	LCL	naive	0	50bp	FALSE	TRUE	poly(A)	TRUE	TwinsUK
TWPID11742	TWPID11742	NA	LCL	naive	0	50bp	FALSE	TRUE	poly(A)	TRUE	TwinsUK
TWPID12848	TWPID12848	NA	LCL	naive	0	50bp	FALSE	TRUE	poly(A)	TRUE	TwinsUK
TWPID5257	TWPID5257	NA	LCL	naive	0	50bp	FALSE	TRUE	poly(A)	TRUE	TwinsUK
TWPID5342	TWPID5342	NA	LCL	naive	0	50bp	FALSE	TRUE	poly(A)	TRUE	TwinsUK
TWPID6979	TWPID6979	NA	LCL	naive	0	50bp	FALSE	TRUE	poly(A)	TRUE	TwinsUK
TWPID6980	TWPID6980	NA	LCL	naive	0	50bp	FALSE	TRUE	poly(A)	TRUE	TwinsUK
TWPID9396	TWPID9396	NA	LCL	naive	0	50bp	FALSE	TRUE	poly(A)	TRUE	TwinsUK
TWPID9398	TWPID9398	NA	LCL	naive	0	50bp	FALSE	TRUE	poly(A)	TRUE	TwinsUK
TWPID1541	TWPID1541	NA	LCL	naive	0	50bp	FALSE	TRUE	poly(A)	TRUE	TwinsUK
TWPID1542	TWPID1542	NA	LCL	naive	0	50bp	FALSE	TRUE	poly(A)	TRUE	TwinsUK
TWPID2140	TWPID2140	NA	LCL	naive	0	50bp	FALSE	TRUE	poly(A)	TRUE	TwinsUK
TWPID2897	TWPID2897	NA	LCL	naive	0	50bp	FALSE	TRUE	poly(A)	TRUE	TwinsUK
TWPID3657	TWPID3657	NA	LCL	naive	0	50bp	FALSE	TRUE	poly(A)	TRUE	TwinsUK
TWPID3658	TWPID3658	NA	LCL	naive	0	50bp	FALSE	TRUE	poly(A)	TRUE	TwinsUK
TWPID3946	TWPID3946	NA	LCL	naive	0	50bp	FALSE	TRUE	poly(A)	TRUE	TwinsUK
TWPID6142	TWPID6142	NA	LCL	naive	0	50bp	FALSE	TRUE	poly(A)	TRUE	TwinsUK
TWPID8894	TWPID8894	NA	LCL	naive	0	50bp	FALSE	TRUE	poly(A)	TRUE	TwinsUK
TWPID9016	TWPID9016	NA	LCL	naive	0	50bp	FALSE	TRUE	poly(A)	TRUE	TwinsUK
TWPID2898	TWPID2898	NA	LCL	naive	0	50bp	FALSE	TRUE	poly(A)	TRUE	TwinsUK
TWPID3283	TWPID3283	NA	LCL	naive	0	50bp	FALSE	TRUE	poly(A)	TRUE	TwinsUK
TWPID3992	TWPID3992	NA	LCL	naive	0	50bp	FALSE	TRUE	poly(A)	TRUE	TwinsUK
TWPID4427	TWPID4427	NA	LCL	naive	0	50bp	FALSE	TRUE	poly(A)	TRUE	TwinsUK
TWPID4428	TWPID4428	NA	LCL	naive	0	50bp	FALSE	TRUE	poly(A)	TRUE	TwinsUK
TWPID5038	TWPID5038	NA	LCL	naive	0	50bp	FALSE	TRUE	poly(A)	TRUE	TwinsUK
TWPID5602	TWPID5602	NA	LCL	naive	0	50bp	FALSE	TRUE	poly(A)	TRUE	TwinsUK
TWPID6154	TWPID6154	NA	LCL	naive	0	50bp	FALSE	TRUE	poly(A)	TRUE	TwinsUK
TWPID6799	TWPID6799	NA	LCL	naive	0	50bp	FALSE	TRUE	poly(A)	TRUE	TwinsUK
TWPID6819	TWPID6819	NA	LCL	naive	0	50bp	FALSE	TRUE	poly(A)	TRUE	TwinsUK
TWPID11786	TWPID11786	NA	LCL	naive	0	50bp	FALSE	TRUE	poly(A)	TRUE	TwinsUK
TWPID11787	TWPID11787	NA	LCL	naive	0	50bp	FALSE	TRUE	poly(A)	TRUE	TwinsUK
TWPID2427	TWPID2427	NA	LCL	naive	0	50bp	FALSE	TRUE	poly(A)	TRUE	TwinsUK
TWPID2546	TWPID2546	NA	LCL	naive	0	50bp	FALSE	TRUE	poly(A)	TRUE	TwinsUK
TWPID4667	TWPID4667	NA	LCL	naive	0	50bp	FALSE	TRUE	poly(A)	TRUE	TwinsUK
TWPID4668	TWPID4668	NA	LCL	naive	0	50bp	FALSE	TRUE	poly(A)	TRUE	TwinsUK
TWPID5179	TWPID5179	NA	LCL	naive	0	50bp	FALSE	TRUE	poly(A)	TRUE	TwinsUK
TWPID6632	TWPID6632	NA	LCL	naive	0	50bp	FALSE	TRUE	poly(A)	TRUE	TwinsUK
TWPID6811	TWPID6811	NA	LCL	naive	0	50bp	FALSE	TRUE	poly(A)	TRUE	TwinsUK
TWPID6901	TWPID6901	NA	LCL	naive	0	50bp	FALSE	TRUE	poly(A)	TRUE	TwinsUK
TWPID2117	TWPID2117	NA	LCL	naive	0	50bp	FALSE	TRUE	poly(A)	TRUE	TwinsUK
TWPID2285	TWPID2285	NA	LCL	naive	0	50bp	FALSE	TRUE	poly(A)	TRUE	TwinsUK
TWPID3546	TWPID3546	NA	LCL	naive	0	50bp	FALSE	TRUE	poly(A)	TRUE	TwinsUK
TWPID4224	TWPID4224	NA	LCL	naive	0	50bp	FALSE	TRUE	poly(A)	TRUE	TwinsUK
TWPID5451	TWPID5451	NA	LCL	naive	0	50bp	FALSE	TRUE	poly(A)	TRUE	TwinsUK
TWPID5955	TWPID5955	NA	LCL	naive	0	50bp	FALSE	TRUE	poly(A)	TRUE	TwinsUK
TWPID7499	TWPID7499	NA	LCL	naive	0	50bp	FALSE	TRUE	poly(A)	TRUE	TwinsUK
TWPID7761	TWPID7761	NA	LCL	naive	0	50bp	FALSE	TRUE	poly(A)	TRUE	TwinsUK
TWPID8477	TWPID8477	NA	LCL	naive	0	50bp	FALSE	TRUE	poly(A)	TRUE	TwinsUK
TWPID8496	TWPID8496	NA	LCL	naive	0	50bp	FALSE	TRUE	poly(A)	TRUE	TwinsUK
TWPID1645	TWPID1645	NA	LCL	naive	0	50bp	FALSE	TRUE	poly(A)	TRUE	TwinsUK
TWPID1646	TWPID1646	NA	LCL	naive	0	50bp	FALSE	TRUE	poly(A)	TRUE	TwinsUK
TWPID1884	TWPID1884	NA	LCL	naive	0	50bp	FALSE	TRUE	poly(A)	TRUE	TwinsUK
TWPID1944	TWPID1944	NA	LCL	naive	0	50bp	FALSE	TRUE	poly(A)	TRUE	TwinsUK
TWPID1945	TWPID1945	NA	LCL	naive	0	50bp	FALSE	TRUE	poly(A)	TRUE	TwinsUK
TWPID3222	TWPID3222	NA	LCL	naive	0	50bp	FALSE	TRUE	poly(A)	TRUE	TwinsUK
TWPID3440	TWPID3440	NA	LCL	naive	0	50bp	FALSE	TRUE	poly(A)	TRUE	TwinsUK
TWPID3682	TWPID3682	NA	LCL	naive	0	50bp	FALSE	TRUE	poly(A)	TRUE	TwinsUK
TWPID3898	TWPID3898	NA	LCL	naive	0	50bp	FALSE	TRUE	poly(A)	TRUE	TwinsUK
TWPID8152	TWPID8152	NA	LCL	naive	0	50bp	FALSE	TRUE	poly(A)	TRUE	TwinsUK
TWPID10260	TWPID10260	NA	LCL	naive	0	50bp	FALSE	TRUE	poly(A)	TRUE	TwinsUK
TWPID10826	TWPID10826	NA	LCL	naive	0	50bp	FALSE	TRUE	poly(A)	TRUE	TwinsUK
TWPID11091	TWPID11091	NA	LCL	naive	0	50bp	FALSE	TRUE	poly(A)	TRUE	TwinsUK
TWPID11092	TWPID11092	NA	LCL	naive	0	50bp	FALSE	TRUE	poly(A)	TRUE	TwinsUK
TWPID1691	TWPID1691	NA	LCL	naive	0	50bp	FALSE	TRUE	poly(A)	TRUE	TwinsUK
TWPID1692	TWPID1692	NA	LCL	naive	0	50bp	FALSE	TRUE	poly(A)	TRUE	TwinsUK
TWPID8232	TWPID8232	NA	LCL	naive	0	50bp	FALSE	TRUE	poly(A)	TRUE	TwinsUK
TWPID8737	TWPID8737	NA	LCL	naive	0	50bp	FALSE	TRUE	poly(A)	TRUE	TwinsUK
TWPID8751	TWPID8751	NA	LCL	naive	0	50bp	FALSE	TRUE	poly(A)	TRUE	TwinsUK
TWPID9286	TWPID9286	NA	LCL	naive	0	50bp	FALSE	TRUE	poly(A)	TRUE	TwinsUK
TWPID2557	TWPID2557	NA	LCL	naive	0	50bp	FALSE	TRUE	poly(A)	TRUE	TwinsUK
TWPID2603	TWPID2603	NA	LCL	naive	0	50bp	FALSE	TRUE	poly(A)	TRUE	TwinsUK
TWPID3412	TWPID3412	NA	LCL	naive	0	50bp	FALSE	TRUE	poly(A)	TRUE	TwinsUK
TWPID3415	TWPID3415	NA	LCL	naive	0	50bp	FALSE	TRUE	poly(A)	TRUE	TwinsUK
TWPID3950	TWPID3950	NA	LCL	naive	0	50bp	FALSE	TRUE	poly(A)	TRUE	TwinsUK
TWPID9276	TWPID9276	NA	LCL	naive	0	50bp	FALSE	TRUE	poly(A)	TRUE	TwinsUK
TWPID9287	TWPID9287	NA	LCL	naive	0	50bp	FALSE	TRUE	poly(A)	TRUE	TwinsUK
TWPID9300	TWPID9300	NA	LCL	naive	0	50bp	FALSE	TRUE	poly(A)	TRUE	TwinsUK
TWPID9830	TWPID9830	NA	LCL	naive	0	50bp	FALSE	TRUE	poly(A)	TRUE	TwinsUK
TWPID9834	TWPID9834	NA	LCL	naive	0	50bp	FALSE	TRUE	poly(A)	TRUE	TwinsUK
TWPID3760	TWPID3760	NA	LCL	naive	0	50bp	FALSE	TRUE	poly(A)	TRUE	TwinsUK
TWPID3775	TWPID3775	NA	LCL	naive	0	50bp	FALSE	TRUE	poly(A)	TRUE	TwinsUK
TWPID4197	TWPID4197	NA	LCL	naive	0	50bp	FALSE	TRUE	poly(A)	TRUE	TwinsUK
TWPID5111	TWPID5111	NA	LCL	naive	0	50bp	FALSE	TRUE	poly(A)	TRUE	TwinsUK
TWPID5362	TWPID5362	NA	LCL	naive	0	50bp	FALSE	TRUE	poly(A)	TRUE	TwinsUK
TWPID6192	TWPID6192	NA	LCL	naive	0	50bp	FALSE	TRUE	poly(A)	TRUE	TwinsUK
TWPID6659	TWPID6659	NA	LCL	naive	0	50bp	FALSE	TRUE	poly(A)	TRUE	TwinsUK
TWPID6696	TWPID6696	NA	LCL	naive	0	50bp	FALSE	TRUE	poly(A)	TRUE	TwinsUK
TWPID6697	TWPID6697	NA	LCL	naive	0	50bp	FALSE	TRUE	poly(A)	TRUE	TwinsUK
TWPID6733	TWPID6733	NA	LCL	naive	0	50bp	FALSE	TRUE	poly(A)	TRUE	TwinsUK
TWPID3169	TWPID3169	NA	LCL	naive	0	50bp	FALSE	TRUE	poly(A)	TRUE	TwinsUK
TWPID3170	TWPID3170	NA	LCL	naive	0	50bp	FALSE	TRUE	poly(A)	TRUE	TwinsUK
TWPID3177	TWPID3177	NA	LCL	naive	0	50bp	FALSE	TRUE	poly(A)	TRUE	TwinsUK
TWPID3333	TWPID3333	NA	LCL	naive	0	50bp	FALSE	TRUE	poly(A)	TRUE	TwinsUK
TWPID3777	TWPID3777	NA	LCL	naive	0	50bp	FALSE	TRUE	poly(A)	TRUE	TwinsUK
TWPID4278	TWPID4278	NA	LCL	naive	0	50bp	FALSE	TRUE	poly(A)	TRUE	TwinsUK
TWPID5218	TWPID5218	NA	LCL	naive	0	50bp	FALSE	TRUE	poly(A)	TRUE	TwinsUK
TWPID5490	TWPID5490	NA	LCL	naive	0	50bp	FALSE	TRUE	poly(A)	TRUE	TwinsUK
TWPID5722	TWPID5722	NA	LCL	naive	0	50bp	FALSE	TRUE	poly(A)	TRUE	TwinsUK
TWPID6147	TWPID6147	NA	LCL	naive	0	50bp	FALSE	TRUE	poly(A)	TRUE	TwinsUK
TWPID3180	TWPID3180	NA	LCL	naive	0	50bp	FALSE	TRUE	poly(A)	TRUE	TwinsUK
TWPID3827	TWPID3827	NA	LCL	naive	0	50bp	FALSE	TRUE	poly(A)	TRUE	TwinsUK
TWPID4057	TWPID4057	NA	LCL	naive	0	50bp	FALSE	TRUE	poly(A)	TRUE	TwinsUK
TWPID4198	TWPID4198	NA	LCL	naive	0	50bp	FALSE	TRUE	poly(A)	TRUE	TwinsUK
TWPID4220	TWPID4220	NA	LCL	naive	0	50bp	FALSE	TRUE	poly(A)	TRUE	TwinsUK
TWPID4433	TWPID4433	NA	LCL	naive	0	50bp	FALSE	TRUE	poly(A)	TRUE	TwinsUK
TWPID4767	TWPID4767	NA	LCL	naive	0	50bp	FALSE	TRUE	poly(A)	TRUE	TwinsUK
TWPID4846	TWPID4846	NA	LCL	naive	0	50bp	FALSE	TRUE	poly(A)	TRUE	TwinsUK
TWPID5350	TWPID5350	NA	LCL	naive	0	50bp	FALSE	TRUE	poly(A)	TRUE	TwinsUK
TWPID5364	TWPID5364	NA	LCL	naive	0	50bp	FALSE	TRUE	poly(A)	TRUE	TwinsUK
TWPID11743	TWPID11743	NA	LCL	naive	0	50bp	FALSE	TRUE	poly(A)	TRUE	TwinsUK
TWPID12432	TWPID12432	NA	LCL	naive	0	50bp	FALSE	TRUE	poly(A)	TRUE	TwinsUK
TWPID2075	TWPID2075	NA	LCL	naive	0	50bp	FALSE	TRUE	poly(A)	TRUE	TwinsUK
TWPID4670	TWPID4670	NA	LCL	naive	0	50bp	FALSE	TRUE	poly(A)	TRUE	TwinsUK
TWPID4793	TWPID4793	NA	LCL	naive	0	50bp	FALSE	TRUE	poly(A)	TRUE	TwinsUK
TWPID5225	TWPID5225	NA	LCL	naive	0	50bp	FALSE	TRUE	poly(A)	TRUE	TwinsUK
TWPID5254	TWPID5254	NA	LCL	naive	0	50bp	FALSE	TRUE	poly(A)	TRUE	TwinsUK
TWPID5255	TWPID5255	NA	LCL	naive	0	50bp	FALSE	TRUE	poly(A)	TRUE	TwinsUK
TWPID8499	TWPID8499	NA	LCL	naive	0	50bp	FALSE	TRUE	poly(A)	TRUE	TwinsUK
TWPID8505	TWPID8505	NA	LCL	naive	0	50bp	FALSE	TRUE	poly(A)	TRUE	TwinsUK
TWPID1671	TWPID1671	NA	LCL	naive	0	50bp	FALSE	TRUE	poly(A)	TRUE	TwinsUK
TWPID1681	TWPID1681	NA	LCL	naive	0	50bp	FALSE	TRUE	poly(A)	TRUE	TwinsUK
TWPID1682	TWPID1682	NA	LCL	naive	0	50bp	FALSE	TRUE	poly(A)	TRUE	TwinsUK
TWPID1690	TWPID1690	NA	LCL	naive	0	50bp	FALSE	TRUE	poly(A)	TRUE	TwinsUK
TWPID3368	TWPID3368	NA	LCL	naive	0	50bp	FALSE	TRUE	poly(A)	TRUE	TwinsUK
TWPID3369	TWPID3369	NA	LCL	naive	0	50bp	FALSE	TRUE	poly(A)	TRUE	TwinsUK
TWPID4968	TWPID4968	NA	LCL	naive	0	50bp	FALSE	TRUE	poly(A)	TRUE	TwinsUK
TWPID6308	TWPID6308	NA	LCL	naive	0	50bp	FALSE	TRUE	poly(A)	TRUE	TwinsUK
TWPID6309	TWPID6309	NA	LCL	naive	0	50bp	FALSE	TRUE	poly(A)	TRUE	TwinsUK
TWPID6660	TWPID6660	NA	LCL	naive	0	50bp	FALSE	TRUE	poly(A)	TRUE	TwinsUK
TWPID1734	TWPID1734	NA	LCL	naive	0	50bp	FALSE	TRUE	poly(A)	TRUE	TwinsUK
TWPID1981	TWPID1981	NA	LCL	naive	0	50bp	FALSE	TRUE	poly(A)	TRUE	TwinsUK
TWPID3390	TWPID3390	NA	LCL	naive	0	50bp	FALSE	TRUE	poly(A)	TRUE	TwinsUK
TWPID4387	TWPID4387	NA	LCL	naive	0	50bp	FALSE	TRUE	poly(A)	TRUE	TwinsUK
TWPID4622	TWPID4622	NA	LCL	naive	0	50bp	FALSE	TRUE	poly(A)	TRUE	TwinsUK
TWPID4825	TWPID4825	NA	LCL	naive	0	50bp	FALSE	TRUE	poly(A)	TRUE	TwinsUK
TWPID5545	TWPID5545	NA	LCL	naive	0	50bp	FALSE	TRUE	poly(A)	TRUE	TwinsUK
TWPID5993	TWPID5993	NA	LCL	naive	0	50bp	FALSE	TRUE	poly(A)	TRUE	TwinsUK
TWPID6788	TWPID6788	NA	LCL	naive	0	50bp	FALSE	TRUE	poly(A)	TRUE	TwinsUK
TWPID6854	TWPID6854	NA	LCL	naive	0	50bp	FALSE	TRUE	poly(A)	TRUE	TwinsUK
TWPID2814	TWPID2814	NA	LCL	naive	0	50bp	FALSE	TRUE	poly(A)	TRUE	TwinsUK
TWPID4223	TWPID4223	NA	LCL	naive	0	50bp	FALSE	TRUE	poly(A)	TRUE	TwinsUK
TWPID4857	TWPID4857	NA	LCL	naive	0	50bp	FALSE	TRUE	poly(A)	TRUE	TwinsUK
TWPID5025	TWPID5025	NA	LCL	naive	0	50bp	FALSE	TRUE	poly(A)	TRUE	TwinsUK
TWPID5226	TWPID5226	NA	LCL	naive	0	50bp	FALSE	TRUE	poly(A)	TRUE	TwinsUK
TWPID5599	TWPID5599	NA	LCL	naive	0	50bp	FALSE	TRUE	poly(A)	TRUE	TwinsUK
TWPID5762	TWPID5762	NA	LCL	naive	0	50bp	FALSE	TRUE	poly(A)	TRUE	TwinsUK
TWPID6123	TWPID6123	NA	LCL	naive	0	50bp	FALSE	TRUE	poly(A)	TRUE	TwinsUK
TWPID6324	TWPID6324	NA	LCL	naive	0	50bp	FALSE	TRUE	poly(A)	TRUE	TwinsUK
TWPID6859	TWPID6859	NA	LCL	naive	0	50bp	FALSE	TRUE	poly(A)	TRUE	TwinsUK
TWPID3347	TWPID3347	NA	LCL	naive	0	50bp	FALSE	TRUE	poly(A)	TRUE	TwinsUK
TWPID3348	TWPID3348	NA	LCL	naive	0	50bp	FALSE	TRUE	poly(A)	TRUE	TwinsUK
TWPID3349	TWPID3349	NA	LCL	naive	0	50bp	FALSE	TRUE	poly(A)	TRUE	TwinsUK
TWPID3351	TWPID3351	NA	LCL	naive	0	50bp	FALSE	TRUE	poly(A)	TRUE	TwinsUK
TWPID4831	TWPID4831	NA	LCL	naive	0	50bp	FALSE	TRUE	poly(A)	TRUE	TwinsUK
TWPID5519	TWPID5519	NA	LCL	naive	0	50bp	FALSE	TRUE	poly(A)	TRUE	TwinsUK
TWPID6175	TWPID6175	NA	LCL	naive	0	50bp	FALSE	TRUE	poly(A)	TRUE	TwinsUK
TWPID6223	TWPID6223	NA	LCL	naive	0	50bp	FALSE	TRUE	poly(A)	TRUE	TwinsUK
TWPID6376	TWPID6376	NA	LCL	naive	0	50bp	FALSE	TRUE	poly(A)	TRUE	TwinsUK
TWPID6664	TWPID6664	NA	LCL	naive	0	50bp	FALSE	TRUE	poly(A)	TRUE	TwinsUK
TWPID3652	TWPID3652	NA	LCL	naive	0	50bp	FALSE	TRUE	poly(A)	TRUE	TwinsUK
TWPID3653	TWPID3653	NA	LCL	naive	0	50bp	FALSE	TRUE	poly(A)	TRUE	TwinsUK
TWPID3890	TWPID3890	NA	LCL	naive	0	50bp	FALSE	TRUE	poly(A)	TRUE	TwinsUK
TWPID4300	TWPID4300	NA	LCL	naive	0	50bp	FALSE	TRUE	poly(A)	TRUE	TwinsUK
TWPID4301	TWPID4301	NA	LCL	naive	0	50bp	FALSE	TRUE	poly(A)	TRUE	TwinsUK
TWPID4394	TWPID4394	NA	LCL	naive	0	50bp	FALSE	TRUE	poly(A)	TRUE	TwinsUK
TWPID6014	TWPID6014	NA	LCL	naive	0	50bp	FALSE	TRUE	poly(A)	TRUE	TwinsUK
TWPID6015	TWPID6015	NA	LCL	naive	0	50bp	FALSE	TRUE	poly(A)	TRUE	TwinsUK
TWPID6029	TWPID6029	NA	LCL	naive	0	50bp	FALSE	TRUE	poly(A)	TRUE	TwinsUK
TWPID6255	TWPID6255	NA	LCL	naive	0	50bp	FALSE	TRUE	poly(A)	TRUE	TwinsUK
TWPID4924	TWPID4924	NA	LCL	naive	0	50bp	FALSE	TRUE	poly(A)	TRUE	TwinsUK
TWPID4925	TWPID4925	NA	LCL	naive	0	50bp	FALSE	TRUE	poly(A)	TRUE	TwinsUK
TWPID4932	TWPID4932	NA	LCL	naive	0	50bp	FALSE	TRUE	poly(A)	TRUE	TwinsUK
TWPID4933	TWPID4933	NA	LCL	naive	0	50bp	FALSE	TRUE	poly(A)	TRUE	TwinsUK
TWPID5243	TWPID5243	NA	LCL	naive	0	50bp	FALSE	TRUE	poly(A)	TRUE	TwinsUK
TWPID5244	TWPID5244	NA	LCL	naive	0	50bp	FALSE	TRUE	poly(A)	TRUE	TwinsUK
TWPID5766	TWPID5766	NA	LCL	naive	0	50bp	FALSE	TRUE	poly(A)	TRUE	TwinsUK
TWPID6340	TWPID6340	NA	LCL	naive	0	50bp	FALSE	TRUE	poly(A)	TRUE	TwinsUK
TWPID6744	TWPID6744	NA	LCL	naive	0	50bp	FALSE	TRUE	poly(A)	TRUE	TwinsUK
TWPID6944	TWPID6944	NA	LCL	naive	0	50bp	FALSE	TRUE	poly(A)	TRUE	TwinsUK
TWPID1288	TWPID1288	NA	LCL	naive	0	50bp	FALSE	TRUE	poly(A)	TRUE	TwinsUK
TWPID4477	TWPID4477	NA	LCL	naive	0	50bp	FALSE	TRUE	poly(A)	TRUE	TwinsUK
TWPID5868	TWPID5868	NA	LCL	naive	0	50bp	FALSE	TRUE	poly(A)	TRUE	TwinsUK
TWPID5869	TWPID5869	NA	LCL	naive	0	50bp	FALSE	TRUE	poly(A)	TRUE	TwinsUK
TWPID5888	TWPID5888	NA	LCL	naive	0	50bp	FALSE	TRUE	poly(A)	TRUE	TwinsUK
TWPID5925	TWPID5925	NA	LCL	naive	0	50bp	FALSE	TRUE	poly(A)	TRUE	TwinsUK
TWPID6525	TWPID6525	NA	LCL	naive	0	50bp	FALSE	TRUE	poly(A)	TRUE	TwinsUK
TWPID6534	TWPID6534	NA	LCL	naive	0	50bp	FALSE	TRUE	poly(A)	TRUE	TwinsUK
TWPID6557	TWPID6557	NA	LCL	naive	0	50bp	FALSE	TRUE	poly(A)	TRUE	TwinsUK
TWPID6824	TWPID6824	NA	LCL	naive	0	50bp	FALSE	TRUE	poly(A)	TRUE	TwinsUK
TWPID5308	TWPID5308	NA	LCL	naive	0	50bp	FALSE	TRUE	poly(A)	TRUE	TwinsUK
TWPID5651	TWPID5651	NA	LCL	naive	0	50bp	FALSE	TRUE	poly(A)	TRUE	TwinsUK
TWPID5652	TWPID5652	NA	LCL	naive	0	50bp	FALSE	TRUE	poly(A)	TRUE	TwinsUK
TWPID5889	TWPID5889	NA	LCL	naive	0	50bp	FALSE	TRUE	poly(A)	TRUE	TwinsUK
TWPID5898	TWPID5898	NA	LCL	naive	0	50bp	FALSE	TRUE	poly(A)	TRUE	TwinsUK
TWPID5899	TWPID5899	NA	LCL	naive	0	50bp	FALSE	TRUE	poly(A)	TRUE	TwinsUK
TWPID5903	TWPID5903	NA	LCL	naive	0	50bp	FALSE	TRUE	poly(A)	TRUE	TwinsUK
TWPID5967	TWPID5967	NA	LCL	naive	0	50bp	FALSE	TRUE	poly(A)	TRUE	TwinsUK
TWPID6241	TWPID6241	NA	LCL	naive	0	50bp	FALSE	TRUE	poly(A)	TRUE	TwinsUK
TWPID6278	TWPID6278	NA	LCL	naive	0	50bp	FALSE	TRUE	poly(A)	TRUE	TwinsUK
TWPID1126	TWPID1126	NA	LCL	naive	0	50bp	FALSE	TRUE	poly(A)	TRUE	TwinsUK
TWPID1127	TWPID1127	NA	LCL	naive	0	50bp	FALSE	TRUE	poly(A)	TRUE	TwinsUK
TWPID4750	TWPID4750	NA	LCL	naive	0	50bp	FALSE	TRUE	poly(A)	TRUE	TwinsUK
TWPID5950	TWPID5950	NA	LCL	naive	0	50bp	FALSE	TRUE	poly(A)	TRUE	TwinsUK
TWPID5952	TWPID5952	NA	LCL	naive	0	50bp	FALSE	TRUE	poly(A)	TRUE	TwinsUK
TWPID5968	TWPID5968	NA	LCL	naive	0	50bp	FALSE	TRUE	poly(A)	TRUE	TwinsUK
TWPID5973	TWPID5973	NA	LCL	naive	0	50bp	FALSE	TRUE	poly(A)	TRUE	TwinsUK
TWPID6087	TWPID6087	NA	LCL	naive	0	50bp	FALSE	TRUE	poly(A)	TRUE	TwinsUK
TWPID6264	TWPID6264	NA	LCL	naive	0	50bp	FALSE	TRUE	poly(A)	TRUE	TwinsUK
TWPID6265	TWPID6265	NA	LCL	naive	0	50bp	FALSE	TRUE	poly(A)	TRUE	TwinsUK
TWPID1144	TWPID1144	NA	LCL	naive	0	50bp	FALSE	TRUE	poly(A)	TRUE	TwinsUK
TWPID1145	TWPID1145	NA	LCL	naive	0	50bp	FALSE	TRUE	poly(A)	TRUE	TwinsUK
TWPID1149	TWPID1149	NA	LCL	naive	0	50bp	FALSE	TRUE	poly(A)	TRUE	TwinsUK
TWPID1150	TWPID1150	NA	LCL	naive	0	50bp	FALSE	TRUE	poly(A)	TRUE	TwinsUK
TWPID1184	TWPID1184	NA	LCL	naive	0	50bp	FALSE	TRUE	poly(A)	TRUE	TwinsUK
TWPID1185	TWPID1185	NA	LCL	naive	0	50bp	FALSE	TRUE	poly(A)	TRUE	TwinsUK
TWPID4248	TWPID4248	NA	LCL	naive	0	50bp	FALSE	TRUE	poly(A)	TRUE	TwinsUK
TWPID5927	TWPID5927	NA	LCL	naive	0	50bp	FALSE	TRUE	poly(A)	TRUE	TwinsUK
TWPID6030	TWPID6030	NA	LCL	naive	0	50bp	FALSE	TRUE	poly(A)	TRUE	TwinsUK
TWPID6349	TWPID6349	NA	LCL	naive	0	50bp	FALSE	TRUE	poly(A)	TRUE	TwinsUK
TWPID10872	TWPID10872	NA	LCL	naive	0	50bp	FALSE	TRUE	poly(A)	TRUE	TwinsUK
TWPID10909	TWPID10909	NA	LCL	naive	0	50bp	FALSE	TRUE	poly(A)	TRUE	TwinsUK
TWPID12433	TWPID12433	NA	LCL	naive	0	50bp	FALSE	TRUE	poly(A)	TRUE	TwinsUK
TWPID15890	TWPID15890	NA	LCL	naive	0	50bp	FALSE	TRUE	poly(A)	TRUE	TwinsUK
TWPID15891	TWPID15891	NA	LCL	naive	0	50bp	FALSE	TRUE	poly(A)	TRUE	TwinsUK
TWPID3528	TWPID3528	NA	LCL	naive	0	50bp	FALSE	TRUE	poly(A)	TRUE	TwinsUK
TWPID4110	TWPID4110	NA	LCL	naive	0	50bp	FALSE	TRUE	poly(A)	TRUE	TwinsUK
TWPID4259	TWPID4259	NA	LCL	naive	0	50bp	FALSE	TRUE	poly(A)	TRUE	TwinsUK
TWPID6072	TWPID6072	NA	LCL	naive	0	50bp	FALSE	TRUE	poly(A)	TRUE	TwinsUK
TWPID6073	TWPID6073	NA	LCL	naive	0	50bp	FALSE	TRUE	poly(A)	TRUE	TwinsUK
TWPID1190	TWPID1190	NA	LCL	naive	0	50bp	FALSE	TRUE	poly(A)	TRUE	TwinsUK
TWPID1191	TWPID1191	NA	LCL	naive	0	50bp	FALSE	TRUE	poly(A)	TRUE	TwinsUK
TWPID1193	TWPID1193	NA	LCL	naive	0	50bp	FALSE	TRUE	poly(A)	TRUE	TwinsUK
TWPID2109	TWPID2109	NA	LCL	naive	0	50bp	FALSE	TRUE	poly(A)	TRUE	TwinsUK
TWPID2110	TWPID2110	NA	LCL	naive	0	50bp	FALSE	TRUE	poly(A)	TRUE	TwinsUK
TWPID3893	TWPID3893	NA	LCL	naive	0	50bp	FALSE	TRUE	poly(A)	TRUE	TwinsUK
TWPID4446	TWPID4446	NA	LCL	naive	0	50bp	FALSE	TRUE	poly(A)	TRUE	TwinsUK
TWPID4453	TWPID4453	NA	LCL	naive	0	50bp	FALSE	TRUE	poly(A)	TRUE	TwinsUK
TWPID5209	TWPID5209	NA	LCL	naive	0	50bp	FALSE	TRUE	poly(A)	TRUE	TwinsUK
TWPID6598	TWPID6598	NA	LCL	naive	0	50bp	FALSE	TRUE	poly(A)	TRUE	TwinsUK
TWPID2115	TWPID2115	NA	LCL	naive	0	50bp	FALSE	TRUE	poly(A)	TRUE	TwinsUK
TWPID2116	TWPID2116	NA	LCL	naive	0	50bp	FALSE	TRUE	poly(A)	TRUE	TwinsUK
TWPID3912	TWPID3912	NA	LCL	naive	0	50bp	FALSE	TRUE	poly(A)	TRUE	TwinsUK
TWPID3957	TWPID3957	NA	LCL	naive	0	50bp	FALSE	TRUE	poly(A)	TRUE	TwinsUK
TWPID4171	TWPID4171	NA	LCL	naive	0	50bp	FALSE	TRUE	poly(A)	TRUE	TwinsUK
TWPID4748	TWPID4748	NA	LCL	naive	0	50bp	FALSE	TRUE	poly(A)	TRUE	TwinsUK
TWPID5002	TWPID5002	NA	LCL	naive	0	50bp	FALSE	TRUE	poly(A)	TRUE	TwinsUK
TWPID5200	TWPID5200	NA	LCL	naive	0	50bp	FALSE	TRUE	poly(A)	TRUE	TwinsUK
TWPID5552	TWPID5552	NA	LCL	naive	0	50bp	FALSE	TRUE	poly(A)	TRUE	TwinsUK
TWPID5553	TWPID5553	NA	LCL	naive	0	50bp	FALSE	TRUE	poly(A)	TRUE	TwinsUK
TWPID3677	TWPID3677	NA	LCL	naive	0	50bp	FALSE	TRUE	poly(A)	TRUE	TwinsUK
TWPID3951	TWPID3951	NA	LCL	naive	0	50bp	FALSE	TRUE	poly(A)	TRUE	TwinsUK
TWPID4015	TWPID4015	NA	LCL	naive	0	50bp	FALSE	TRUE	poly(A)	TRUE	TwinsUK
TWPID4936	TWPID4936	NA	LCL	naive	0	50bp	FALSE	TRUE	poly(A)	TRUE	TwinsUK
TWPID4937	TWPID4937	NA	LCL	naive	0	50bp	FALSE	TRUE	poly(A)	TRUE	TwinsUK
TWPID4958	TWPID4958	NA	LCL	naive	0	50bp	FALSE	TRUE	poly(A)	TRUE	TwinsUK
TWPID5142	TWPID5142	NA	LCL	naive	0	50bp	FALSE	TRUE	poly(A)	TRUE	TwinsUK
TWPID5153	TWPID5153	NA	LCL	naive	0	50bp	FALSE	TRUE	poly(A)	TRUE	TwinsUK
TWPID5160	TWPID5160	NA	LCL	naive	0	50bp	FALSE	TRUE	poly(A)	TRUE	TwinsUK
TWPID5607	TWPID5607	NA	LCL	naive	0	50bp	FALSE	TRUE	poly(A)	TRUE	TwinsUK
TWPID4016	TWPID4016	NA	LCL	naive	0	50bp	FALSE	TRUE	poly(A)	TRUE	TwinsUK
TWPID4017	TWPID4017	NA	LCL	naive	0	50bp	FALSE	TRUE	poly(A)	TRUE	TwinsUK
TWPID4188	TWPID4188	NA	LCL	naive	0	50bp	FALSE	TRUE	poly(A)	TRUE	TwinsUK
TWPID4769	TWPID4769	NA	LCL	naive	0	50bp	FALSE	TRUE	poly(A)	TRUE	TwinsUK
TWPID5099	TWPID5099	NA	LCL	naive	0	50bp	FALSE	TRUE	poly(A)	TRUE	TwinsUK
TWPID5100	TWPID5100	NA	LCL	naive	0	50bp	FALSE	TRUE	poly(A)	TRUE	TwinsUK
TWPID5107	TWPID5107	NA	LCL	naive	0	50bp	FALSE	TRUE	poly(A)	TRUE	TwinsUK
TWPID6720	TWPID6720	NA	LCL	naive	0	50bp	FALSE	TRUE	poly(A)	TRUE	TwinsUK
TWPID6865	TWPID6865	NA	LCL	naive	0	50bp	FALSE	TRUE	poly(A)	TRUE	TwinsUK
TWPID8280	TWPID8280	NA	LCL	naive	0	50bp	FALSE	TRUE	poly(A)	TRUE	TwinsUK
TWPID1324	TWPID1324	NA	LCL	naive	0	50bp	FALSE	TRUE	poly(A)	TRUE	TwinsUK
TWPID1334	TWPID1334	NA	LCL	naive	0	50bp	FALSE	TRUE	poly(A)	TRUE	TwinsUK
TWPID1335	TWPID1335	NA	LCL	naive	0	50bp	FALSE	TRUE	poly(A)	TRUE	TwinsUK
TWPID1365	TWPID1365	NA	LCL	naive	0	50bp	FALSE	TRUE	poly(A)	TRUE	TwinsUK
TWPID2151	TWPID2151	NA	LCL	naive	0	50bp	FALSE	TRUE	poly(A)	TRUE	TwinsUK
TWPID4683	TWPID4683	NA	LCL	naive	0	50bp	FALSE	TRUE	poly(A)	TRUE	TwinsUK
TWPID4848	TWPID4848	NA	LCL	naive	0	50bp	FALSE	TRUE	poly(A)	TRUE	TwinsUK
TWPID5495	TWPID5495	NA	LCL	naive	0	50bp	FALSE	TRUE	poly(A)	TRUE	TwinsUK
TWPID5591	TWPID5591	NA	LCL	naive	0	50bp	FALSE	TRUE	poly(A)	TRUE	TwinsUK
TWPID6391	TWPID6391	NA	LCL	naive	0	50bp	FALSE	TRUE	poly(A)	TRUE	TwinsUK
TWPID1372	TWPID1372	NA	LCL	naive	0	50bp	FALSE	TRUE	poly(A)	TRUE	TwinsUK
TWPID1373	TWPID1373	NA	LCL	naive	0	50bp	FALSE	TRUE	poly(A)	TRUE	TwinsUK
TWPID2067	TWPID2067	NA	LCL	naive	0	50bp	FALSE	TRUE	poly(A)	TRUE	TwinsUK
TWPID2068	TWPID2068	NA	LCL	naive	0	50bp	FALSE	TRUE	poly(A)	TRUE	TwinsUK
TWPID2878	TWPID2878	NA	LCL	naive	0	50bp	FALSE	TRUE	poly(A)	TRUE	TwinsUK
TWPID2884	TWPID2884	NA	LCL	naive	0	50bp	FALSE	TRUE	poly(A)	TRUE	TwinsUK
TWPID3489	TWPID3489	NA	LCL	naive	0	50bp	FALSE	TRUE	poly(A)	TRUE	TwinsUK
TWPID3833	TWPID3833	NA	LCL	naive	0	50bp	FALSE	TRUE	poly(A)	TRUE	TwinsUK
TWPID5041	TWPID5041	NA	LCL	naive	0	50bp	FALSE	TRUE	poly(A)	TRUE	TwinsUK
TWPID6357	TWPID6357	NA	LCL	naive	0	50bp	FALSE	TRUE	poly(A)	TRUE	TwinsUK
TWPID1394	TWPID1394	NA	LCL	naive	0	50bp	FALSE	TRUE	poly(A)	TRUE	TwinsUK
TWPID1395	TWPID1395	NA	LCL	naive	0	50bp	FALSE	TRUE	poly(A)	TRUE	TwinsUK
TWPID2903	TWPID2903	NA	LCL	naive	0	50bp	FALSE	TRUE	poly(A)	TRUE	TwinsUK
TWPID3495	TWPID3495	NA	LCL	naive	0	50bp	FALSE	TRUE	poly(A)	TRUE	TwinsUK
TWPID3809	TWPID3809	NA	LCL	naive	0	50bp	FALSE	TRUE	poly(A)	TRUE	TwinsUK
TWPID5659	TWPID5659	NA	LCL	naive	0	50bp	FALSE	TRUE	poly(A)	TRUE	TwinsUK
TWPID5699	TWPID5699	NA	LCL	naive	0	50bp	FALSE	TRUE	poly(A)	TRUE	TwinsUK
TWPID5761	TWPID5761	NA	LCL	naive	0	50bp	FALSE	TRUE	poly(A)	TRUE	TwinsUK
TWPID5915	TWPID5915	NA	LCL	naive	0	50bp	FALSE	TRUE	poly(A)	TRUE	TwinsUK
TWPID6096	TWPID6096	NA	LCL	naive	0	50bp	FALSE	TRUE	poly(A)	TRUE	TwinsUK
TWPID1405	TWPID1405	NA	LCL	naive	0	50bp	FALSE	TRUE	poly(A)	TRUE	TwinsUK
TWPID1406	TWPID1406	NA	LCL	naive	0	50bp	FALSE	TRUE	poly(A)	TRUE	TwinsUK
TWPID1436	TWPID1436	NA	LCL	naive	0	50bp	FALSE	TRUE	poly(A)	TRUE	TwinsUK
TWPID1437	TWPID1437	NA	LCL	naive	0	50bp	FALSE	TRUE	poly(A)	TRUE	TwinsUK
TWPID1438	TWPID1438	NA	LCL	naive	0	50bp	FALSE	TRUE	poly(A)	TRUE	TwinsUK
TWPID4779	TWPID4779	NA	LCL	naive	0	50bp	FALSE	TRUE	poly(A)	TRUE	TwinsUK
TWPID5525	TWPID5525	NA	LCL	naive	0	50bp	FALSE	TRUE	poly(A)	TRUE	TwinsUK
TWPID5738	TWPID5738	NA	LCL	naive	0	50bp	FALSE	TRUE	poly(A)	TRUE	TwinsUK
TWPID6486	TWPID6486	NA	LCL	naive	0	50bp	FALSE	TRUE	poly(A)	TRUE	TwinsUK
TWPID6551	TWPID6551	NA	LCL	naive	0	50bp	FALSE	TRUE	poly(A)	TRUE	TwinsUK
TWPID1439	TWPID1439	NA	LCL	naive	0	50bp	FALSE	TRUE	poly(A)	TRUE	TwinsUK
TWPID3499	TWPID3499	NA	LCL	naive	0	50bp	FALSE	TRUE	poly(A)	TRUE	TwinsUK
TWPID3500	TWPID3500	NA	LCL	naive	0	50bp	FALSE	TRUE	poly(A)	TRUE	TwinsUK
TWPID3920	TWPID3920	NA	LCL	naive	0	50bp	FALSE	TRUE	poly(A)	TRUE	TwinsUK
TWPID4069	TWPID4069	NA	LCL	naive	0	50bp	FALSE	TRUE	poly(A)	TRUE	TwinsUK
TWPID4167	TWPID4167	NA	LCL	naive	0	50bp	FALSE	TRUE	poly(A)	TRUE	TwinsUK
TWPID5239	TWPID5239	NA	LCL	naive	0	50bp	FALSE	TRUE	poly(A)	TRUE	TwinsUK
TWPID6009	TWPID6009	NA	LCL	naive	0	50bp	FALSE	TRUE	poly(A)	TRUE	TwinsUK
TWPID6365	TWPID6365	NA	LCL	naive	0	50bp	FALSE	TRUE	poly(A)	TRUE	TwinsUK
TWPID6566	TWPID6566	NA	LCL	naive	0	50bp	FALSE	TRUE	poly(A)	TRUE	TwinsUK
TWPID1213	TWPID1213	NA	LCL	naive	0	50bp	FALSE	TRUE	poly(A)	TRUE	TwinsUK
TWPID1214	TWPID1214	NA	LCL	naive	0	50bp	FALSE	TRUE	poly(A)	TRUE	TwinsUK
TWPID1234	TWPID1234	NA	LCL	naive	0	50bp	FALSE	TRUE	poly(A)	TRUE	TwinsUK
TWPID2178	TWPID2178	NA	LCL	naive	0	50bp	FALSE	TRUE	poly(A)	TRUE	TwinsUK
TWPID3670	TWPID3670	NA	LCL	naive	0	50bp	FALSE	TRUE	poly(A)	TRUE	TwinsUK
TWPID4111	TWPID4111	NA	LCL	naive	0	50bp	FALSE	TRUE	poly(A)	TRUE	TwinsUK
TWPID5383	TWPID5383	NA	LCL	naive	0	50bp	FALSE	TRUE	poly(A)	TRUE	TwinsUK
TWPID5384	TWPID5384	NA	LCL	naive	0	50bp	FALSE	TRUE	poly(A)	TRUE	TwinsUK
TWPID5630	TWPID5630	NA	LCL	naive	0	50bp	FALSE	TRUE	poly(A)	TRUE	TwinsUK
TWPID6599	TWPID6599	NA	LCL	naive	0	50bp	FALSE	TRUE	poly(A)	TRUE	TwinsUK
TWPID11425	TWPID11425	NA	LCL	naive	0	50bp	FALSE	TRUE	poly(A)	TRUE	TwinsUK
TWPID11426	TWPID11426	NA	LCL	naive	0	50bp	FALSE	TRUE	poly(A)	TRUE	TwinsUK
TWPID1217	TWPID1217	NA	LCL	naive	0	50bp	FALSE	TRUE	poly(A)	TRUE	TwinsUK
TWPID1218	TWPID1218	NA	LCL	naive	0	50bp	FALSE	TRUE	poly(A)	TRUE	TwinsUK
TWPID2114	TWPID2114	NA	LCL	naive	0	50bp	FALSE	TRUE	poly(A)	TRUE	TwinsUK
TWPID4413	TWPID4413	NA	LCL	naive	0	50bp	FALSE	TRUE	poly(A)	TRUE	TwinsUK
TWPID4434	TWPID4434	NA	LCL	naive	0	50bp	FALSE	TRUE	poly(A)	TRUE	TwinsUK
TWPID6296	TWPID6296	NA	LCL	naive	0	50bp	FALSE	TRUE	poly(A)	TRUE	TwinsUK
TWPID6692	TWPID6692	NA	LCL	naive	0	50bp	FALSE	TRUE	poly(A)	TRUE	TwinsUK
TWPID6970	TWPID6970	NA	LCL	naive	0	50bp	FALSE	TRUE	poly(A)	TRUE	TwinsUK
TWPID1235	TWPID1235	NA	LCL	naive	0	50bp	FALSE	TRUE	poly(A)	TRUE	TwinsUK
TWPID1246	TWPID1246	NA	LCL	naive	0	50bp	FALSE	TRUE	poly(A)	TRUE	TwinsUK
TWPID1248	TWPID1248	NA	LCL	naive	0	50bp	FALSE	TRUE	poly(A)	TRUE	TwinsUK
TWPID1249	TWPID1249	NA	LCL	naive	0	50bp	FALSE	TRUE	poly(A)	TRUE	TwinsUK
TWPID1254	TWPID1254	NA	LCL	naive	0	50bp	FALSE	TRUE	poly(A)	TRUE	TwinsUK
TWPID1255	TWPID1255	NA	LCL	naive	0	50bp	FALSE	TRUE	poly(A)	TRUE	TwinsUK
TWPID5079	TWPID5079	NA	LCL	naive	0	50bp	FALSE	TRUE	poly(A)	TRUE	TwinsUK
TWPID5617	TWPID5617	NA	LCL	naive	0	50bp	FALSE	TRUE	poly(A)	TRUE	TwinsUK
TWPID6568	TWPID6568	NA	LCL	naive	0	50bp	FALSE	TRUE	poly(A)	TRUE	TwinsUK
TWPID6575	TWPID6575	NA	LCL	naive	0	50bp	FALSE	TRUE	poly(A)	TRUE	TwinsUK
TWPID3947	TWPID3947	NA	LCL	naive	0	50bp	FALSE	TRUE	poly(A)	TRUE	TwinsUK
TWPID3948	TWPID3948	NA	LCL	naive	0	50bp	FALSE	TRUE	poly(A)	TRUE	TwinsUK
TWPID4593	TWPID4593	NA	LCL	naive	0	50bp	FALSE	TRUE	poly(A)	TRUE	TwinsUK
TWPID5259	TWPID5259	NA	LCL	naive	0	50bp	FALSE	TRUE	poly(A)	TRUE	TwinsUK
TWPID5457	TWPID5457	NA	LCL	naive	0	50bp	FALSE	TRUE	poly(A)	TRUE	TwinsUK
TWPID5995	TWPID5995	NA	LCL	naive	0	50bp	FALSE	TRUE	poly(A)	TRUE	TwinsUK
TWPID6143	TWPID6143	NA	LCL	naive	0	50bp	FALSE	TRUE	poly(A)	TRUE	TwinsUK
TWPID6402	TWPID6402	NA	LCL	naive	0	50bp	FALSE	TRUE	poly(A)	TRUE	TwinsUK
TWPID6417	TWPID6417	NA	LCL	naive	0	50bp	FALSE	TRUE	poly(A)	TRUE	TwinsUK
TWPID6758	TWPID6758	NA	LCL	naive	0	50bp	FALSE	TRUE	poly(A)	TRUE	TwinsUK
TWPID1259	TWPID1259	NA	LCL	naive	0	50bp	FALSE	TRUE	poly(A)	TRUE	TwinsUK
TWPID2016	TWPID2016	NA	LCL	naive	0	50bp	FALSE	TRUE	poly(A)	TRUE	TwinsUK
TWPID2017	TWPID2017	NA	LCL	naive	0	50bp	FALSE	TRUE	poly(A)	TRUE	TwinsUK
TWPID2145	TWPID2145	NA	LCL	naive	0	50bp	FALSE	TRUE	poly(A)	TRUE	TwinsUK
TWPID5480	TWPID5480	NA	LCL	naive	0	50bp	FALSE	TRUE	poly(A)	TRUE	TwinsUK
TWPID5481	TWPID5481	NA	LCL	naive	0	50bp	FALSE	TRUE	poly(A)	TRUE	TwinsUK
TWPID5618	TWPID5618	NA	LCL	naive	0	50bp	FALSE	TRUE	poly(A)	TRUE	TwinsUK
TWPID6383	TWPID6383	NA	LCL	naive	0	50bp	FALSE	TRUE	poly(A)	TRUE	TwinsUK
TWPID6497	TWPID6497	NA	LCL	naive	0	50bp	FALSE	TRUE	poly(A)	TRUE	TwinsUK
TWPID6574	TWPID6574	NA	LCL	naive	0	50bp	FALSE	TRUE	poly(A)	TRUE	TwinsUK
TWPID11225	TWPID11225	NA	LCL	naive	0	50bp	FALSE	TRUE	poly(A)	TRUE	TwinsUK
TWPID11647	TWPID11647	NA	LCL	naive	0	50bp	FALSE	TRUE	poly(A)	TRUE	TwinsUK
TWPID11762	TWPID11762	NA	LCL	naive	0	50bp	FALSE	TRUE	poly(A)	TRUE	TwinsUK
TWPID11778	TWPID11778	NA	LCL	naive	0	50bp	FALSE	TRUE	poly(A)	TRUE	TwinsUK
TWPID2041	TWPID2041	NA	LCL	naive	0	50bp	FALSE	TRUE	poly(A)	TRUE	TwinsUK
TWPID2042	TWPID2042	NA	LCL	naive	0	50bp	FALSE	TRUE	poly(A)	TRUE	TwinsUK
TWPID2921	TWPID2921	NA	LCL	naive	0	50bp	FALSE	TRUE	poly(A)	TRUE	TwinsUK
TWPID3509	TWPID3509	NA	LCL	naive	0	50bp	FALSE	TRUE	poly(A)	TRUE	TwinsUK
TWPID9188	TWPID9188	NA	LCL	naive	0	50bp	FALSE	TRUE	poly(A)	TRUE	TwinsUK
TWPID9236	TWPID9236	NA	LCL	naive	0	50bp	FALSE	TRUE	poly(A)	TRUE	TwinsUK
TWPID11649	TWPID11649	NA	LCL	naive	0	50bp	FALSE	TRUE	poly(A)	TRUE	TwinsUK
TWPID11675	TWPID11675	NA	LCL	naive	0	50bp	FALSE	TRUE	poly(A)	TRUE	TwinsUK
TWPID11676	TWPID11676	NA	LCL	naive	0	50bp	FALSE	TRUE	poly(A)	TRUE	TwinsUK
TWPID11736	TWPID11736	NA	LCL	naive	0	50bp	FALSE	TRUE	poly(A)	TRUE	TwinsUK
TWPID11737	TWPID11737	NA	LCL	naive	0	50bp	FALSE	TRUE	poly(A)	TRUE	TwinsUK
TWPID11883	TWPID11883	NA	LCL	naive	0	50bp	FALSE	TRUE	poly(A)	TRUE	TwinsUK
TWPID11896	TWPID11896	NA	LCL	naive	0	50bp	FALSE	TRUE	poly(A)	TRUE	TwinsUK
TWPID12578	TWPID12578	NA	LCL	naive	0	50bp	FALSE	TRUE	poly(A)	TRUE	TwinsUK
TWPID12594	TWPID12594	NA	LCL	naive	0	50bp	FALSE	TRUE	poly(A)	TRUE	TwinsUK
TWPID12595	TWPID12595	NA	LCL	naive	0	50bp	FALSE	TRUE	poly(A)	TRUE	TwinsUK
TWPID11415	TWPID11415	NA	LCL	naive	0	50bp	FALSE	TRUE	poly(A)	TRUE	TwinsUK
TWPID11416	TWPID11416	NA	LCL	naive	0	50bp	FALSE	TRUE	poly(A)	TRUE	TwinsUK
TWPID12601	TWPID12601	NA	LCL	naive	0	50bp	FALSE	TRUE	poly(A)	TRUE	TwinsUK
TWPID12602	TWPID12602	NA	LCL	naive	0	50bp	FALSE	TRUE	poly(A)	TRUE	TwinsUK
TWPID12645	TWPID12645	NA	LCL	naive	0	50bp	FALSE	TRUE	poly(A)	TRUE	TwinsUK
TWPID12681	TWPID12681	NA	LCL	naive	0	50bp	FALSE	TRUE	poly(A)	TRUE	TwinsUK
TWPID12682	TWPID12682	NA	LCL	naive	0	50bp	FALSE	TRUE	poly(A)	TRUE	TwinsUK
TWPID12684	TWPID12684	NA	LCL	naive	0	50bp	FALSE	TRUE	poly(A)	TRUE	TwinsUK
TWPID12794	TWPID12794	NA	LCL	naive	0	50bp	FALSE	TRUE	poly(A)	TRUE	TwinsUK
TWPID12795	TWPID12795	NA	LCL	naive	0	50bp	FALSE	TRUE	poly(A)	TRUE	TwinsUK
TWPID11117	TWPID11117	NA	LCL	naive	0	50bp	FALSE	TRUE	poly(A)	TRUE	TwinsUK
TWPID11118	TWPID11118	NA	LCL	naive	0	50bp	FALSE	TRUE	poly(A)	TRUE	TwinsUK
TWPID12215	TWPID12215	NA	LCL	naive	0	50bp	FALSE	TRUE	poly(A)	TRUE	TwinsUK
TWPID12216	TWPID12216	NA	LCL	naive	0	50bp	FALSE	TRUE	poly(A)	TRUE	TwinsUK
TWPID12217	TWPID12217	NA	LCL	naive	0	50bp	FALSE	TRUE	poly(A)	TRUE	TwinsUK
TWPID12245	TWPID12245	NA	LCL	naive	0	50bp	FALSE	TRUE	poly(A)	TRUE	TwinsUK
TWPID12336	TWPID12336	NA	LCL	naive	0	50bp	FALSE	TRUE	poly(A)	TRUE	TwinsUK
TWPID12337	TWPID12337	NA	LCL	naive	0	50bp	FALSE	TRUE	poly(A)	TRUE	TwinsUK
TWPID12340	TWPID12340	NA	LCL	naive	0	50bp	FALSE	TRUE	poly(A)	TRUE	TwinsUK
TWPID12341	TWPID12341	NA	LCL	naive	0	50bp	FALSE	TRUE	poly(A)	TRUE	TwinsUK
TWPID10849	TWPID10849	NA	LCL	naive	0	50bp	FALSE	TRUE	poly(A)	TRUE	TwinsUK
TWPID10850	TWPID10850	NA	LCL	naive	0	50bp	FALSE	TRUE	poly(A)	TRUE	TwinsUK
TWPID11953	TWPID11953	NA	LCL	naive	0	50bp	FALSE	TRUE	poly(A)	TRUE	TwinsUK
TWPID11954	TWPID11954	NA	LCL	naive	0	50bp	FALSE	TRUE	poly(A)	TRUE	TwinsUK
TWPID3028	TWPID3028	NA	LCL	naive	0	50bp	FALSE	TRUE	poly(A)	TRUE	TwinsUK
TWPID9747	TWPID9747	NA	LCL	naive	0	50bp	FALSE	TRUE	poly(A)	TRUE	TwinsUK
TWPID9748	TWPID9748	NA	LCL	naive	0	50bp	FALSE	TRUE	poly(A)	TRUE	TwinsUK
TWPID9749	TWPID9749	NA	LCL	naive	0	50bp	FALSE	TRUE	poly(A)	TRUE	TwinsUK
TWPID9750	TWPID9750	NA	LCL	naive	0	50bp	FALSE	TRUE	poly(A)	TRUE	TwinsUK
TWPID9775	TWPID9775	NA	LCL	naive	0	50bp	FALSE	TRUE	poly(A)	TRUE	TwinsUK
TWPID10016	TWPID10016	NA	LCL	naive	0	50bp	FALSE	TRUE	poly(A)	TRUE	TwinsUK
TWPID10024	TWPID10024	NA	LCL	naive	0	50bp	FALSE	TRUE	poly(A)	TRUE	TwinsUK
TWPID10027	TWPID10027	NA	LCL	naive	0	50bp	FALSE	TRUE	poly(A)	TRUE	TwinsUK
TWPID10048	TWPID10048	NA	LCL	naive	0	50bp	FALSE	TRUE	poly(A)	TRUE	TwinsUK
TWPID10049	TWPID10049	NA	LCL	naive	0	50bp	FALSE	TRUE	poly(A)	TRUE	TwinsUK
TWPID10103	TWPID10103	NA	LCL	naive	0	50bp	FALSE	TRUE	poly(A)	TRUE	TwinsUK
TWPID10134	TWPID10134	NA	LCL	naive	0	50bp	FALSE	TRUE	poly(A)	TRUE	TwinsUK
TWPID9822	TWPID9822	NA	LCL	naive	0	50bp	FALSE	TRUE	poly(A)	TRUE	TwinsUK
TWPID9825	TWPID9825	NA	LCL	naive	0	50bp	FALSE	TRUE	poly(A)	TRUE	TwinsUK
TWPID9944	TWPID9944	NA	LCL	naive	0	50bp	FALSE	TRUE	poly(A)	TRUE	TwinsUK
TWPID10254	TWPID10254	NA	LCL	naive	0	50bp	FALSE	TRUE	poly(A)	TRUE	TwinsUK
TWPID10262	TWPID10262	NA	LCL	naive	0	50bp	FALSE	TRUE	poly(A)	TRUE	TwinsUK
TWPID10703	TWPID10703	NA	LCL	naive	0	50bp	FALSE	TRUE	poly(A)	TRUE	TwinsUK
TWPID11781	TWPID11781	NA	LCL	naive	0	50bp	FALSE	TRUE	poly(A)	TRUE	TwinsUK
TWPID11792	TWPID11792	NA	LCL	naive	0	50bp	FALSE	TRUE	poly(A)	TRUE	TwinsUK
TWPID2959	TWPID2959	NA	LCL	naive	0	50bp	FALSE	TRUE	poly(A)	TRUE	TwinsUK
TWPID2960	TWPID2960	NA	LCL	naive	0	50bp	FALSE	TRUE	poly(A)	TRUE	TwinsUK
TWPID7500	TWPID7500	NA	LCL	naive	0	50bp	FALSE	TRUE	poly(A)	TRUE	TwinsUK
TWPID9760	TWPID9760	NA	LCL	naive	0	50bp	FALSE	TRUE	poly(A)	TRUE	TwinsUK
TWPID9761	TWPID9761	NA	LCL	naive	0	50bp	FALSE	TRUE	poly(A)	TRUE	TwinsUK
TWPID10085	TWPID10085	NA	LCL	naive	0	50bp	FALSE	TRUE	poly(A)	TRUE	TwinsUK
TWPID10086	TWPID10086	NA	LCL	naive	0	50bp	FALSE	TRUE	poly(A)	TRUE	TwinsUK
TWPID1860	TWPID1860	NA	LCL	naive	0	50bp	FALSE	TRUE	poly(A)	TRUE	TwinsUK
TWPID1877	TWPID1877	NA	LCL	naive	0	50bp	FALSE	TRUE	poly(A)	TRUE	TwinsUK
TWPID1878	TWPID1878	NA	LCL	naive	0	50bp	FALSE	TRUE	poly(A)	TRUE	TwinsUK
TWPID1994	TWPID1994	NA	LCL	naive	0	50bp	FALSE	TRUE	poly(A)	TRUE	TwinsUK
TWPID8414	TWPID8414	NA	LCL	naive	0	50bp	FALSE	TRUE	poly(A)	TRUE	TwinsUK
TWPID8415	TWPID8415	NA	LCL	naive	0	50bp	FALSE	TRUE	poly(A)	TRUE	TwinsUK
TWPID8445	TWPID8445	NA	LCL	naive	0	50bp	FALSE	TRUE	poly(A)	TRUE	TwinsUK
TWPID8446	TWPID8446	NA	LCL	naive	0	50bp	FALSE	TRUE	poly(A)	TRUE	TwinsUK
TWPID10287	TWPID10287	NA	LCL	naive	0	50bp	FALSE	TRUE	poly(A)	TRUE	TwinsUK
TWPID10291	TWPID10291	NA	LCL	naive	0	50bp	FALSE	TRUE	poly(A)	TRUE	TwinsUK
TWPID10344	TWPID10344	NA	LCL	naive	0	50bp	FALSE	TRUE	poly(A)	TRUE	TwinsUK
TWPID10357	TWPID10357	NA	LCL	naive	0	50bp	FALSE	TRUE	poly(A)	TRUE	TwinsUK
TWPID10368	TWPID10368	NA	LCL	naive	0	50bp	FALSE	TRUE	poly(A)	TRUE	TwinsUK
TWPID10369	TWPID10369	NA	LCL	naive	0	50bp	FALSE	TRUE	poly(A)	TRUE	TwinsUK
TWPID10370	TWPID10370	NA	LCL	naive	0	50bp	FALSE	TRUE	poly(A)	TRUE	TwinsUK
TWPID10420	TWPID10420	NA	LCL	naive	0	50bp	FALSE	TRUE	poly(A)	TRUE	TwinsUK
TWPID11678	TWPID11678	NA	LCL	naive	0	50bp	FALSE	TRUE	poly(A)	TRUE	TwinsUK
TWPID12861	TWPID12861	NA	LCL	naive	0	50bp	FALSE	TRUE	poly(A)	TRUE	TwinsUK
TWPID12862	TWPID12862	NA	LCL	naive	0	50bp	FALSE	TRUE	poly(A)	TRUE	TwinsUK
TWPID12863	TWPID12863	NA	LCL	naive	0	50bp	FALSE	TRUE	poly(A)	TRUE	TwinsUK
TWPID12864	TWPID12864	NA	LCL	naive	0	50bp	FALSE	TRUE	poly(A)	TRUE	TwinsUK
TWPID12874	TWPID12874	NA	LCL	naive	0	50bp	FALSE	TRUE	poly(A)	TRUE	TwinsUK
TWPID12887	TWPID12887	NA	LCL	naive	0	50bp	FALSE	TRUE	poly(A)	TRUE	TwinsUK
TWPID12888	TWPID12888	NA	LCL	naive	0	50bp	FALSE	TRUE	poly(A)	TRUE	TwinsUK
TWPID12889	TWPID12889	NA	LCL	naive	0	50bp	FALSE	TRUE	poly(A)	TRUE	TwinsUK
TWPID12890	TWPID12890	NA	LCL	naive	0	50bp	FALSE	TRUE	poly(A)	TRUE	TwinsUK
TWPID12893	TWPID12893	NA	LCL	naive	0	50bp	FALSE	TRUE	poly(A)	TRUE	TwinsUK
TWPID10235	TWPID10235	NA	LCL	naive	0	50bp	FALSE	TRUE	poly(A)	TRUE	TwinsUK
TWPID10914	TWPID10914	NA	LCL	naive	0	50bp	FALSE	TRUE	poly(A)	TRUE	TwinsUK
TWPID10935	TWPID10935	NA	LCL	naive	0	50bp	FALSE	TRUE	poly(A)	TRUE	TwinsUK
TWPID11765	TWPID11765	NA	LCL	naive	0	50bp	FALSE	TRUE	poly(A)	TRUE	TwinsUK
TWPID11775	TWPID11775	NA	LCL	naive	0	50bp	FALSE	TRUE	poly(A)	TRUE	TwinsUK
TWPID12894	TWPID12894	NA	LCL	naive	0	50bp	FALSE	TRUE	poly(A)	TRUE	TwinsUK
TWPID7799	TWPID7799	NA	LCL	naive	0	50bp	FALSE	TRUE	poly(A)	TRUE	TwinsUK
TWPID7800	TWPID7800	NA	LCL	naive	0	50bp	FALSE	TRUE	poly(A)	TRUE	TwinsUK
TWPID7801	TWPID7801	NA	LCL	naive	0	50bp	FALSE	TRUE	poly(A)	TRUE	TwinsUK
TWPID7802	TWPID7802	NA	LCL	naive	0	50bp	FALSE	TRUE	poly(A)	TRUE	TwinsUK
TWPID10282	TWPID10282	NA	LCL	naive	0	50bp	FALSE	TRUE	poly(A)	TRUE	TwinsUK
TWPID11785	TWPID11785	NA	LCL	naive	0	50bp	FALSE	TRUE	poly(A)	TRUE	TwinsUK
TWPID11937	TWPID11937	NA	LCL	naive	0	50bp	FALSE	TRUE	poly(A)	TRUE	TwinsUK
TWPID11938	TWPID11938	NA	LCL	naive	0	50bp	FALSE	TRUE	poly(A)	TRUE	TwinsUK
TWPID12017	TWPID12017	NA	LCL	naive	0	50bp	FALSE	TRUE	poly(A)	TRUE	TwinsUK
TWPID12070	TWPID12070	NA	LCL	naive	0	50bp	FALSE	TRUE	poly(A)	TRUE	TwinsUK
TWPID6137	TWPID6137	NA	LCL	naive	0	50bp	FALSE	TRUE	poly(A)	TRUE	TwinsUK
TWPID8118	TWPID8118	NA	LCL	naive	0	50bp	FALSE	TRUE	poly(A)	TRUE	TwinsUK
TWPID8119	TWPID8119	NA	LCL	naive	0	50bp	FALSE	TRUE	poly(A)	TRUE	TwinsUK
TWPID8274	TWPID8274	NA	LCL	naive	0	50bp	FALSE	TRUE	poly(A)	TRUE	TwinsUK
TWPID8315	TWPID8315	NA	LCL	naive	0	50bp	FALSE	TRUE	poly(A)	TRUE	TwinsUK
TWPID8318	TWPID8318	NA	LCL	naive	0	50bp	FALSE	TRUE	poly(A)	TRUE	TwinsUK
TWPID8353	TWPID8353	NA	LCL	naive	0	50bp	FALSE	TRUE	poly(A)	TRUE	TwinsUK
TWPID8368	TWPID8368	NA	LCL	naive	0	50bp	FALSE	TRUE	poly(A)	TRUE	TwinsUK
TWPID8371	TWPID8371	NA	LCL	naive	0	50bp	FALSE	TRUE	poly(A)	TRUE	TwinsUK
TWPID8403	TWPID8403	NA	LCL	naive	0	50bp	FALSE	TRUE	poly(A)	TRUE	TwinsUK
TWPID8404	TWPID8404	NA	LCL	naive	0	50bp	FALSE	TRUE	poly(A)	TRUE	TwinsUK
TWPID8405	TWPID8405	NA	LCL	naive	0	50bp	FALSE	TRUE	poly(A)	TRUE	TwinsUK
TWPID8406	TWPID8406	NA	LCL	naive	0	50bp	FALSE	TRUE	poly(A)	TRUE	TwinsUK
TWPID8430	TWPID8430	NA	LCL	naive	0	50bp	FALSE	TRUE	poly(A)	TRUE	TwinsUK
TWPID8432	TWPID8432	NA	LCL	naive	0	50bp	FALSE	TRUE	poly(A)	TRUE	TwinsUK
TWPID8454	TWPID8454	NA	LCL	naive	0	50bp	FALSE	TRUE	poly(A)	TRUE	TwinsUK
TWPID8455	TWPID8455	NA	LCL	naive	0	50bp	FALSE	TRUE	poly(A)	TRUE	TwinsUK
TWPID8467	TWPID8467	NA	LCL	naive	0	50bp	FALSE	TRUE	poly(A)	TRUE	TwinsUK
TWPID8471	TWPID8471	NA	LCL	naive	0	50bp	FALSE	TRUE	poly(A)	TRUE	TwinsUK
TWPID8559	TWPID8559	NA	LCL	naive	0	50bp	FALSE	TRUE	poly(A)	TRUE	TwinsUK
TWPID8560	TWPID8560	NA	LCL	naive	0	50bp	FALSE	TRUE	poly(A)	TRUE	TwinsUK
TWPID8781	TWPID8781	NA	LCL	naive	0	50bp	FALSE	TRUE	poly(A)	TRUE	TwinsUK
TWPID8848	TWPID8848	NA	LCL	naive	0	50bp	FALSE	TRUE	poly(A)	TRUE	TwinsUK
TWPID8849	TWPID8849	NA	LCL	naive	0	50bp	FALSE	TRUE	poly(A)	TRUE	TwinsUK
TWPID8888	TWPID8888	NA	LCL	naive	0	50bp	FALSE	TRUE	poly(A)	TRUE	TwinsUK
TWPID8897	TWPID8897	NA	LCL	naive	0	50bp	FALSE	TRUE	poly(A)	TRUE	TwinsUK
TWPID8899	TWPID8899	NA	LCL	naive	0	50bp	FALSE	TRUE	poly(A)	TRUE	TwinsUK
TWPID8933	TWPID8933	NA	LCL	naive	0	50bp	FALSE	TRUE	poly(A)	TRUE	TwinsUK
TWPID8935	TWPID8935	NA	LCL	naive	0	50bp	FALSE	TRUE	poly(A)	TRUE	TwinsUK
TWPID8938	TWPID8938	NA	LCL	naive	0	50bp	FALSE	TRUE	poly(A)	TRUE	TwinsUK
TWPID8939	TWPID8939	NA	LCL	naive	0	50bp	FALSE	TRUE	poly(A)	TRUE	TwinsUK
TWPID9248	TWPID9248	NA	LCL	naive	0	50bp	FALSE	TRUE	poly(A)	TRUE	TwinsUK
TWPID9263	TWPID9263	NA	LCL	naive	0	50bp	FALSE	TRUE	poly(A)	TRUE	TwinsUK
TWPID9348	TWPID9348	NA	LCL	naive	0	50bp	FALSE	TRUE	poly(A)	TRUE	TwinsUK
TWPID10236	TWPID10236	NA	LCL	naive	0	50bp	FALSE	TRUE	poly(A)	TRUE	TwinsUK
TWPID11773	TWPID11773	NA	LCL	naive	0	50bp	FALSE	TRUE	poly(A)	TRUE	TwinsUK
TWPID7809	TWPID7809	NA	LCL	naive	0	50bp	FALSE	TRUE	poly(A)	TRUE	TwinsUK
TWPID7811	TWPID7811	NA	LCL	naive	0	50bp	FALSE	TRUE	poly(A)	TRUE	TwinsUK
TWPID7812	TWPID7812	NA	LCL	naive	0	50bp	FALSE	TRUE	poly(A)	TRUE	TwinsUK
TWPID7823	TWPID7823	NA	LCL	naive	0	50bp	FALSE	TRUE	poly(A)	TRUE	TwinsUK
TWPID8317	TWPID8317	NA	LCL	naive	0	50bp	FALSE	TRUE	poly(A)	TRUE	TwinsUK
TWPID8325	TWPID8325	NA	LCL	naive	0	50bp	FALSE	TRUE	poly(A)	TRUE	TwinsUK
TWPID8326	TWPID8326	NA	LCL	naive	0	50bp	FALSE	TRUE	poly(A)	TRUE	TwinsUK
TWPID9350	TWPID9350	NA	LCL	naive	0	50bp	FALSE	TRUE	poly(A)	TRUE	TwinsUK
TWPID10479	TWPID10479	NA	LCL	naive	0	50bp	FALSE	TRUE	poly(A)	TRUE	TwinsUK
TWPID10480	TWPID10480	NA	LCL	naive	0	50bp	FALSE	TRUE	poly(A)	TRUE	TwinsUK
TWPID2268	TWPID2268	NA	LCL	naive	0	50bp	FALSE	TRUE	poly(A)	TRUE	TwinsUK
TWPID2269	TWPID2269	NA	LCL	naive	0	50bp	FALSE	TRUE	poly(A)	TRUE	TwinsUK
TWPID3015	TWPID3015	NA	LCL	naive	0	50bp	FALSE	TRUE	poly(A)	TRUE	TwinsUK
TWPID8383	TWPID8383	NA	LCL	naive	0	50bp	FALSE	TRUE	poly(A)	TRUE	TwinsUK
TWPID8386	TWPID8386	NA	LCL	naive	0	50bp	FALSE	TRUE	poly(A)	TRUE	TwinsUK
TWPID8719	TWPID8719	NA	LCL	naive	0	50bp	FALSE	TRUE	poly(A)	TRUE	TwinsUK
TWPID9206	TWPID9206	NA	LCL	naive	0	50bp	FALSE	TRUE	poly(A)	TRUE	TwinsUK
TWPID9207	TWPID9207	NA	LCL	naive	0	50bp	FALSE	TRUE	poly(A)	TRUE	TwinsUK
TWPID11203	TWPID11203	NA	LCL	naive	0	50bp	FALSE	TRUE	poly(A)	TRUE	TwinsUK
TWPID11205	TWPID11205	NA	LCL	naive	0	50bp	FALSE	TRUE	poly(A)	TRUE	TwinsUK
TWPID3016	TWPID3016	NA	LCL	naive	0	50bp	FALSE	TRUE	poly(A)	TRUE	TwinsUK
TWPID8062	TWPID8062	NA	LCL	naive	0	50bp	FALSE	TRUE	poly(A)	TRUE	TwinsUK
TWPID8652	TWPID8652	NA	LCL	naive	0	50bp	FALSE	TRUE	poly(A)	TRUE	TwinsUK
TWPID8684	TWPID8684	NA	LCL	naive	0	50bp	FALSE	TRUE	poly(A)	TRUE	TwinsUK
TWPID9349	TWPID9349	NA	LCL	naive	0	50bp	FALSE	TRUE	poly(A)	TRUE	TwinsUK
TWPID9370	TWPID9370	NA	LCL	naive	0	50bp	FALSE	TRUE	poly(A)	TRUE	TwinsUK
TWPID9692	TWPID9692	NA	LCL	naive	0	50bp	FALSE	TRUE	poly(A)	TRUE	TwinsUK
TWPID9693	TWPID9693	NA	LCL	naive	0	50bp	FALSE	TRUE	poly(A)	TRUE	TwinsUK
TWPID1147	TWPID1147	NA	LCL	naive	0	50bp	FALSE	TRUE	poly(A)	TRUE	TwinsUK
TWPID1148	TWPID1148	NA	LCL	naive	0	50bp	FALSE	TRUE	poly(A)	TRUE	TwinsUK
TWPID1995	TWPID1995	NA	LCL	naive	0	50bp	FALSE	TRUE	poly(A)	TRUE	TwinsUK
TWPID4866	TWPID4866	NA	LCL	naive	0	50bp	FALSE	TRUE	poly(A)	TRUE	TwinsUK
TWPID6066	TWPID6066	NA	LCL	naive	0	50bp	FALSE	TRUE	poly(A)	TRUE	TwinsUK
TWPID6233	TWPID6233	NA	LCL	naive	0	50bp	FALSE	TRUE	poly(A)	TRUE	TwinsUK
TWPID7009	TWPID7009	NA	LCL	naive	0	50bp	FALSE	TRUE	poly(A)	TRUE	TwinsUK
TWPID7189	TWPID7189	NA	LCL	naive	0	50bp	FALSE	TRUE	poly(A)	TRUE	TwinsUK
TWPID9755	TWPID9755	NA	LCL	naive	0	50bp	FALSE	TRUE	poly(A)	TRUE	TwinsUK
TWPID9759	TWPID9759	NA	LCL	naive	0	50bp	FALSE	TRUE	poly(A)	TRUE	TwinsUK
TWPID10190	TWPID10190	NA	LCL	naive	0	50bp	FALSE	TRUE	poly(A)	TRUE	TwinsUK
TWPID10207	TWPID10207	NA	LCL	naive	0	50bp	FALSE	TRUE	poly(A)	TRUE	TwinsUK
TWPID10384	TWPID10384	NA	LCL	naive	0	50bp	FALSE	TRUE	poly(A)	TRUE	TwinsUK
TWPID10714	TWPID10714	NA	LCL	naive	0	50bp	FALSE	TRUE	poly(A)	TRUE	TwinsUK
TWPID11010	TWPID11010	NA	LCL	naive	0	50bp	FALSE	TRUE	poly(A)	TRUE	TwinsUK
TWPID2301	TWPID2301	NA	LCL	naive	0	50bp	FALSE	TRUE	poly(A)	TRUE	TwinsUK
TWPID2302	TWPID2302	NA	LCL	naive	0	50bp	FALSE	TRUE	poly(A)	TRUE	TwinsUK
TWPID7285	TWPID7285	NA	LCL	naive	0	50bp	FALSE	TRUE	poly(A)	TRUE	TwinsUK
TWPID7306	TWPID7306	NA	LCL	naive	0	50bp	FALSE	TRUE	poly(A)	TRUE	TwinsUK
TWPID9499	TWPID9499	NA	LCL	naive	0	50bp	FALSE	TRUE	poly(A)	TRUE	TwinsUK
TWPID10402	TWPID10402	NA	LCL	naive	0	50bp	FALSE	TRUE	poly(A)	TRUE	TwinsUK
TWPID10631	TWPID10631	NA	LCL	naive	0	50bp	FALSE	TRUE	poly(A)	TRUE	TwinsUK
TWPID10766	TWPID10766	NA	LCL	naive	0	50bp	FALSE	TRUE	poly(A)	TRUE	TwinsUK
TWPID11550	TWPID11550	NA	LCL	naive	0	50bp	FALSE	TRUE	poly(A)	TRUE	TwinsUK
TWPID12063	TWPID12063	NA	LCL	naive	0	50bp	FALSE	TRUE	poly(A)	TRUE	TwinsUK
TWPID12370	TWPID12370	NA	LCL	naive	0	50bp	FALSE	TRUE	poly(A)	TRUE	TwinsUK
TWPID12374	TWPID12374	NA	LCL	naive	0	50bp	FALSE	TRUE	poly(A)	TRUE	TwinsUK
TWPID7719	TWPID7719	NA	LCL	naive	0	50bp	FALSE	TRUE	poly(A)	TRUE	TwinsUK
TWPID7747	TWPID7747	NA	LCL	naive	0	50bp	FALSE	TRUE	poly(A)	TRUE	TwinsUK
TWPID9606	TWPID9606	NA	LCL	naive	0	50bp	FALSE	TRUE	poly(A)	TRUE	TwinsUK
TWPID10577	TWPID10577	NA	LCL	naive	0	50bp	FALSE	TRUE	poly(A)	TRUE	TwinsUK
TWPID10593	TWPID10593	NA	LCL	naive	0	50bp	FALSE	TRUE	poly(A)	TRUE	TwinsUK
TWPID11427	TWPID11427	NA	LCL	naive	0	50bp	FALSE	TRUE	poly(A)	TRUE	TwinsUK
TWPID11453	TWPID11453	NA	LCL	naive	0	50bp	FALSE	TRUE	poly(A)	TRUE	TwinsUK
TWPID11454	TWPID11454	NA	LCL	naive	0	50bp	FALSE	TRUE	poly(A)	TRUE	TwinsUK
TWPID11480	TWPID11480	NA	LCL	naive	0	50bp	FALSE	TRUE	poly(A)	TRUE	TwinsUK
TWPID11489	TWPID11489	NA	LCL	naive	0	50bp	FALSE	TRUE	poly(A)	TRUE	TwinsUK
TWPID12830	TWPID12830	NA	LCL	naive	0	50bp	FALSE	TRUE	poly(A)	TRUE	TwinsUK
TWPID2346	TWPID2346	NA	LCL	naive	0	50bp	FALSE	TRUE	poly(A)	TRUE	TwinsUK
TWPID9607	TWPID9607	NA	LCL	naive	0	50bp	FALSE	TRUE	poly(A)	TRUE	TwinsUK
TWPID10459	TWPID10459	NA	LCL	naive	0	50bp	FALSE	TRUE	poly(A)	TRUE	TwinsUK
TWPID10488	TWPID10488	NA	LCL	naive	0	50bp	FALSE	TRUE	poly(A)	TRUE	TwinsUK
TWPID11030	TWPID11030	NA	LCL	naive	0	50bp	FALSE	TRUE	poly(A)	TRUE	TwinsUK
TWPID11048	TWPID11048	NA	LCL	naive	0	50bp	FALSE	TRUE	poly(A)	TRUE	TwinsUK
TWPID11051	TWPID11051	NA	LCL	naive	0	50bp	FALSE	TRUE	poly(A)	TRUE	TwinsUK
TWPID11605	TWPID11605	NA	LCL	naive	0	50bp	FALSE	TRUE	poly(A)	TRUE	TwinsUK
TWPID11606	TWPID11606	NA	LCL	naive	0	50bp	FALSE	TRUE	poly(A)	TRUE	TwinsUK
TWPID11825	TWPID11825	NA	LCL	naive	0	50bp	FALSE	TRUE	poly(A)	TRUE	TwinsUK
TWPID7765	TWPID7765	NA	LCL	naive	0	50bp	FALSE	TRUE	poly(A)	TRUE	TwinsUK
TWPID7821	TWPID7821	NA	LCL	naive	0	50bp	FALSE	TRUE	poly(A)	TRUE	TwinsUK
TWPID10882	TWPID10882	NA	LCL	naive	0	50bp	FALSE	TRUE	poly(A)	TRUE	TwinsUK
TWPID11986	TWPID11986	NA	LCL	naive	0	50bp	FALSE	TRUE	poly(A)	TRUE	TwinsUK
TWPID12014	TWPID12014	NA	LCL	naive	0	50bp	FALSE	TRUE	poly(A)	TRUE	TwinsUK
TWPID12499	TWPID12499	NA	LCL	naive	0	50bp	FALSE	TRUE	poly(A)	TRUE	TwinsUK
TWPID12514	TWPID12514	NA	LCL	naive	0	50bp	FALSE	TRUE	poly(A)	TRUE	TwinsUK
TWPID6366	TWPID6366	NA	LCL	naive	0	50bp	FALSE	TRUE	poly(A)	TRUE	TwinsUK
TWPID6377	TWPID6377	NA	LCL	naive	0	50bp	FALSE	TRUE	poly(A)	TRUE	TwinsUK
TWPID7909	TWPID7909	NA	LCL	naive	0	50bp	FALSE	TRUE	poly(A)	TRUE	TwinsUK
TWPID7910	TWPID7910	NA	LCL	naive	0	50bp	FALSE	TRUE	poly(A)	TRUE	TwinsUK
TWPID9307	TWPID9307	NA	LCL	naive	0	50bp	FALSE	TRUE	poly(A)	TRUE	TwinsUK
TWPID10691	TWPID10691	NA	LCL	naive	0	50bp	FALSE	TRUE	poly(A)	TRUE	TwinsUK
TWPID10695	TWPID10695	NA	LCL	naive	0	50bp	FALSE	TRUE	poly(A)	TRUE	TwinsUK
TWPID12092	TWPID12092	NA	LCL	naive	0	50bp	FALSE	TRUE	poly(A)	TRUE	TwinsUK
TWPID6952	TWPID6952	NA	LCL	naive	0	50bp	FALSE	TRUE	poly(A)	TRUE	TwinsUK
TWPID7046	TWPID7046	NA	LCL	naive	0	50bp	FALSE	TRUE	poly(A)	TRUE	TwinsUK
TWPID7110	TWPID7110	NA	LCL	naive	0	50bp	FALSE	TRUE	poly(A)	TRUE	TwinsUK
TWPID7111	TWPID7111	NA	LCL	naive	0	50bp	FALSE	TRUE	poly(A)	TRUE	TwinsUK
TWPID7149	TWPID7149	NA	LCL	naive	0	50bp	FALSE	TRUE	poly(A)	TRUE	TwinsUK
TWPID7153	TWPID7153	NA	LCL	naive	0	50bp	FALSE	TRUE	poly(A)	TRUE	TwinsUK
TWPID7895	TWPID7895	NA	LCL	naive	0	50bp	FALSE	TRUE	poly(A)	TRUE	TwinsUK
TWPID10576	TWPID10576	NA	LCL	naive	0	50bp	FALSE	TRUE	poly(A)	TRUE	TwinsUK
TWPID10697	TWPID10697	NA	LCL	naive	0	50bp	FALSE	TRUE	poly(A)	TRUE	TwinsUK
TWPID6994	TWPID6994	NA	LCL	naive	0	50bp	FALSE	TRUE	poly(A)	TRUE	TwinsUK
TWPID7094	TWPID7094	NA	LCL	naive	0	50bp	FALSE	TRUE	poly(A)	TRUE	TwinsUK
TWPID7305	TWPID7305	NA	LCL	naive	0	50bp	FALSE	TRUE	poly(A)	TRUE	TwinsUK
TWPID7441	TWPID7441	NA	LCL	naive	0	50bp	FALSE	TRUE	poly(A)	TRUE	TwinsUK
TWPID7711	TWPID7711	NA	LCL	naive	0	50bp	FALSE	TRUE	poly(A)	TRUE	TwinsUK
TWPID7712	TWPID7712	NA	LCL	naive	0	50bp	FALSE	TRUE	poly(A)	TRUE	TwinsUK
TWPID7786	TWPID7786	NA	LCL	naive	0	50bp	FALSE	TRUE	poly(A)	TRUE	TwinsUK
TWPID7997	TWPID7997	NA	LCL	naive	0	50bp	FALSE	TRUE	poly(A)	TRUE	TwinsUK
TWPID10673	TWPID10673	NA	LCL	naive	0	50bp	FALSE	TRUE	poly(A)	TRUE	TwinsUK
TWPID10679	TWPID10679	NA	LCL	naive	0	50bp	FALSE	TRUE	poly(A)	TRUE	TwinsUK
TWPID10965	TWPID10965	NA	LCL	naive	0	50bp	FALSE	TRUE	poly(A)	TRUE	TwinsUK
TWPID10966	TWPID10966	NA	LCL	naive	0	50bp	FALSE	TRUE	poly(A)	TRUE	TwinsUK
TWPID10969	TWPID10969	NA	LCL	naive	0	50bp	FALSE	TRUE	poly(A)	TRUE	TwinsUK
TWPID11980	TWPID11980	NA	LCL	naive	0	50bp	FALSE	TRUE	poly(A)	TRUE	TwinsUK
TWPID12523	TWPID12523	NA	LCL	naive	0	50bp	FALSE	TRUE	poly(A)	TRUE	TwinsUK
TWPID12590	TWPID12590	NA	LCL	naive	0	50bp	FALSE	TRUE	poly(A)	TRUE	TwinsUK
TWPID12792	TWPID12792	NA	LCL	naive	0	50bp	FALSE	TRUE	poly(A)	TRUE	TwinsUK
TWPID7020	TWPID7020	NA	LCL	naive	0	50bp	FALSE	TRUE	poly(A)	TRUE	TwinsUK
TWPID10725	TWPID10725	NA	LCL	naive	0	50bp	FALSE	TRUE	poly(A)	TRUE	TwinsUK
TWPID6997	TWPID6997	NA	LCL	naive	0	50bp	FALSE	TRUE	poly(A)	TRUE	TwinsUK
TWPID7011	TWPID7011	NA	LCL	naive	0	50bp	FALSE	TRUE	poly(A)	TRUE	TwinsUK
TWPID7088	TWPID7088	NA	LCL	naive	0	50bp	FALSE	TRUE	poly(A)	TRUE	TwinsUK
TWPID7115	TWPID7115	NA	LCL	naive	0	50bp	FALSE	TRUE	poly(A)	TRUE	TwinsUK
TWPID7192	TWPID7192	NA	LCL	naive	0	50bp	FALSE	TRUE	poly(A)	TRUE	TwinsUK
TWPID7491	TWPID7491	NA	LCL	naive	0	50bp	FALSE	TRUE	poly(A)	TRUE	TwinsUK
TWPID7508	TWPID7508	NA	LCL	naive	0	50bp	FALSE	TRUE	poly(A)	TRUE	TwinsUK
TWPID7580	TWPID7580	NA	LCL	naive	0	50bp	FALSE	TRUE	poly(A)	TRUE	TwinsUK
TWPID7681	TWPID7681	NA	LCL	naive	0	50bp	FALSE	TRUE	poly(A)	TRUE	TwinsUK
TWPID10533	TWPID10533	NA	LCL	naive	0	50bp	FALSE	TRUE	poly(A)	TRUE	TwinsUK
TWPID11165	TWPID11165	NA	LCL	naive	0	50bp	FALSE	TRUE	poly(A)	TRUE	TwinsUK
TWPID11835	TWPID11835	NA	LCL	naive	0	50bp	FALSE	TRUE	poly(A)	TRUE	TwinsUK
TWPID12147	TWPID12147	NA	LCL	naive	0	50bp	FALSE	TRUE	poly(A)	TRUE	TwinsUK
TWPID12204	TWPID12204	NA	LCL	naive	0	50bp	FALSE	TRUE	poly(A)	TRUE	TwinsUK
TWPID12387	TWPID12387	NA	LCL	naive	0	50bp	FALSE	TRUE	poly(A)	TRUE	TwinsUK
TWPID12408	TWPID12408	NA	LCL	naive	0	50bp	FALSE	TRUE	poly(A)	TRUE	TwinsUK
TWPID14202	TWPID14202	NA	LCL	naive	0	50bp	FALSE	TRUE	poly(A)	TRUE	TwinsUK
TWPID6989	TWPID6989	NA	LCL	naive	0	50bp	FALSE	TRUE	poly(A)	TRUE	TwinsUK
TWPID6993	TWPID6993	NA	LCL	naive	0	50bp	FALSE	TRUE	poly(A)	TRUE	TwinsUK
TWPID10000	TWPID10000	NA	LCL	naive	0	50bp	FALSE	TRUE	poly(A)	TRUE	TwinsUK
TWPID10001	TWPID10001	NA	LCL	naive	0	50bp	FALSE	TRUE	poly(A)	TRUE	TwinsUK
TWPID10928	TWPID10928	NA	LCL	naive	0	50bp	FALSE	TRUE	poly(A)	TRUE	TwinsUK
TWPID10929	TWPID10929	NA	LCL	naive	0	50bp	FALSE	TRUE	poly(A)	TRUE	TwinsUK
TWPID1221	TWPID1221	NA	LCL	naive	0	50bp	FALSE	TRUE	poly(A)	TRUE	TwinsUK
TWPID1222	TWPID1222	NA	LCL	naive	0	50bp	FALSE	TRUE	poly(A)	TRUE	TwinsUK
TWPID2288	TWPID2288	NA	LCL	naive	0	50bp	FALSE	TRUE	poly(A)	TRUE	TwinsUK
TWPID2289	TWPID2289	NA	LCL	naive	0	50bp	FALSE	TRUE	poly(A)	TRUE	TwinsUK
TWPID2513	TWPID2513	NA	LCL	naive	0	50bp	FALSE	TRUE	poly(A)	TRUE	TwinsUK
TWPID2514	TWPID2514	NA	LCL	naive	0	50bp	FALSE	TRUE	poly(A)	TRUE	TwinsUK
TWPID14283	TWPID14283	NA	LCL	naive	0	50bp	FALSE	TRUE	poly(A)	TRUE	TwinsUK
TWPID14423	TWPID14423	NA	LCL	naive	0	50bp	FALSE	TRUE	poly(A)	TRUE	TwinsUK
TWPID14442	TWPID14442	NA	LCL	naive	0	50bp	FALSE	TRUE	poly(A)	TRUE	TwinsUK
TWPID14842	TWPID14842	NA	LCL	naive	0	50bp	FALSE	TRUE	poly(A)	TRUE	TwinsUK
TWPID14964	TWPID14964	NA	LCL	naive	0	50bp	FALSE	TRUE	poly(A)	TRUE	TwinsUK
TWPID14988	TWPID14988	NA	LCL	naive	0	50bp	FALSE	TRUE	poly(A)	TRUE	TwinsUK
TWPID15008	TWPID15008	NA	LCL	naive	0	50bp	FALSE	TRUE	poly(A)	TRUE	TwinsUK
TWPID15329	TWPID15329	NA	LCL	naive	0	50bp	FALSE	TRUE	poly(A)	TRUE	TwinsUK
TWPID15344	TWPID15344	NA	LCL	naive	0	50bp	FALSE	TRUE	poly(A)	TRUE	TwinsUK
TWPID17178	TWPID17178	NA	LCL	naive	0	50bp	FALSE	TRUE	poly(A)	TRUE	TwinsUK
TWPID17593	TWPID17593	NA	LCL	naive	0	50bp	FALSE	TRUE	poly(A)	TRUE	TwinsUK
TWPID17597	TWPID17597	NA	LCL	naive	0	50bp	FALSE	TRUE	poly(A)	TRUE	TwinsUK
TWPID17625	TWPID17625	NA	LCL	naive	0	50bp	FALSE	TRUE	poly(A)	TRUE	TwinsUK
TWPID17629	TWPID17629	NA	LCL	naive	0	50bp	FALSE	TRUE	poly(A)	TRUE	TwinsUK
TWPID17652	TWPID17652	NA	LCL	naive	0	50bp	FALSE	TRUE	poly(A)	TRUE	TwinsUK
TWPID17653	TWPID17653	NA	LCL	naive	0	50bp	FALSE	TRUE	poly(A)	TRUE	TwinsUK
TWPID17665	TWPID17665	NA	LCL	naive	0	50bp	FALSE	TRUE	poly(A)	TRUE	TwinsUK
TWPID17674	TWPID17674	NA	LCL	naive	0	50bp	FALSE	TRUE	poly(A)	TRUE	TwinsUK
TWPID17676	TWPID17676	NA	LCL	naive	0	50bp	FALSE	TRUE	poly(A)	TRUE	TwinsUK
TWPID17684	TWPID17684	NA	LCL	naive	0	50bp	FALSE	TRUE	poly(A)	TRUE	TwinsUK
TWPID17685	TWPID17685	NA	LCL	naive	0	50bp	FALSE	TRUE	poly(A)	TRUE	TwinsUK
TWPID18199	TWPID18199	NA	LCL	naive	0	50bp	FALSE	TRUE	poly(A)	TRUE	TwinsUK
TWPID18200	TWPID18200	NA	LCL	naive	0	50bp	FALSE	TRUE	poly(A)	TRUE	TwinsUK
TWPID18213	TWPID18213	NA	LCL	naive	0	50bp	FALSE	TRUE	poly(A)	TRUE	TwinsUK
TWPID18224	TWPID18224	NA	LCL	naive	0	50bp	FALSE	TRUE	poly(A)	TRUE	TwinsUK
TWPID18225	TWPID18225	NA	LCL	naive	0	50bp	FALSE	TRUE	poly(A)	TRUE	TwinsUK
TWPID18628	TWPID18628	NA	LCL	naive	0	50bp	FALSE	TRUE	poly(A)	TRUE	TwinsUK
TWPID18629	TWPID18629	NA	LCL	naive	0	50bp	FALSE	TRUE	poly(A)	TRUE	TwinsUK
TWPID2433	TWPID2433	NA	LCL	naive	0	50bp	FALSE	TRUE	poly(A)	TRUE	TwinsUK
TWPID2434	TWPID2434	NA	LCL	naive	0	50bp	FALSE	TRUE	poly(A)	TRUE	TwinsUK
TWPID13671	TWPID13671	NA	LCL	naive	0	50bp	FALSE	TRUE	poly(A)	TRUE	TwinsUK
TWPID14007	TWPID14007	NA	LCL	naive	0	50bp	FALSE	TRUE	poly(A)	TRUE	TwinsUK
TWPID15689	TWPID15689	NA	LCL	naive	0	50bp	FALSE	TRUE	poly(A)	TRUE	TwinsUK
TWPID15690	TWPID15690	NA	LCL	naive	0	50bp	FALSE	TRUE	poly(A)	TRUE	TwinsUK
TWPID16808	TWPID16808	NA	LCL	naive	0	50bp	FALSE	TRUE	poly(A)	TRUE	TwinsUK
TWPID16809	TWPID16809	NA	LCL	naive	0	50bp	FALSE	TRUE	poly(A)	TRUE	TwinsUK
TWPID18227	TWPID18227	NA	LCL	naive	0	50bp	FALSE	TRUE	poly(A)	TRUE	TwinsUK
TWPID18280	TWPID18280	NA	LCL	naive	0	50bp	FALSE	TRUE	poly(A)	TRUE	TwinsUK
TWPID2439	TWPID2439	NA	LCL	naive	0	50bp	FALSE	TRUE	poly(A)	TRUE	TwinsUK
TWPID2455	TWPID2455	NA	LCL	naive	0	50bp	FALSE	TRUE	poly(A)	TRUE	TwinsUK
TWPID15980	TWPID15980	NA	LCL	naive	0	50bp	FALSE	TRUE	poly(A)	TRUE	TwinsUK
TWPID15993	TWPID15993	NA	LCL	naive	0	50bp	FALSE	TRUE	poly(A)	TRUE	TwinsUK
TWPID15994	TWPID15994	NA	LCL	naive	0	50bp	FALSE	TRUE	poly(A)	TRUE	TwinsUK
TWPID16002	TWPID16002	NA	LCL	naive	0	50bp	FALSE	TRUE	poly(A)	TRUE	TwinsUK
TWPID16003	TWPID16003	NA	LCL	naive	0	50bp	FALSE	TRUE	poly(A)	TRUE	TwinsUK
TWPID16004	TWPID16004	NA	LCL	naive	0	50bp	FALSE	TRUE	poly(A)	TRUE	TwinsUK
TWPID16005	TWPID16005	NA	LCL	naive	0	50bp	FALSE	TRUE	poly(A)	TRUE	TwinsUK
TWPID16030	TWPID16030	NA	LCL	naive	0	50bp	FALSE	TRUE	poly(A)	TRUE	TwinsUK
TWPID16031	TWPID16031	NA	LCL	naive	0	50bp	FALSE	TRUE	poly(A)	TRUE	TwinsUK
TWPID3553	TWPID3553	NA	LCL	naive	0	50bp	FALSE	TRUE	poly(A)	TRUE	TwinsUK
TWPID16048	TWPID16048	NA	LCL	naive	0	50bp	FALSE	TRUE	poly(A)	TRUE	TwinsUK
TWPID16099	TWPID16099	NA	LCL	naive	0	50bp	FALSE	TRUE	poly(A)	TRUE	TwinsUK
TWPID16100	TWPID16100	NA	LCL	naive	0	50bp	FALSE	TRUE	poly(A)	TRUE	TwinsUK
TWPID16101	TWPID16101	NA	LCL	naive	0	50bp	FALSE	TRUE	poly(A)	TRUE	TwinsUK
TWPID16102	TWPID16102	NA	LCL	naive	0	50bp	FALSE	TRUE	poly(A)	TRUE	TwinsUK
TWPID2003	TWPID2003	NA	LCL	naive	0	50bp	FALSE	TRUE	poly(A)	TRUE	TwinsUK
TWPID2004	TWPID2004	NA	LCL	naive	0	50bp	FALSE	TRUE	poly(A)	TRUE	TwinsUK
TWPID5561	TWPID5561	NA	LCL	naive	0	50bp	FALSE	TRUE	poly(A)	TRUE	TwinsUK
TWPID7223	TWPID7223	NA	LCL	naive	0	50bp	FALSE	TRUE	poly(A)	TRUE	TwinsUK
TWPID7453	TWPID7453	NA	LCL	naive	0	50bp	FALSE	TRUE	poly(A)	TRUE	TwinsUK
TWPID7553	TWPID7553	NA	LCL	naive	0	50bp	FALSE	TRUE	poly(A)	TRUE	TwinsUK
TWPID8436	TWPID8436	NA	LCL	naive	0	50bp	FALSE	TRUE	poly(A)	TRUE	TwinsUK
TWPID8437	TWPID8437	NA	LCL	naive	0	50bp	FALSE	TRUE	poly(A)	TRUE	TwinsUK
TWPID8456	TWPID8456	NA	LCL	naive	0	50bp	FALSE	TRUE	poly(A)	TRUE	TwinsUK
TWPID8457	TWPID8457	NA	LCL	naive	0	50bp	FALSE	TRUE	poly(A)	TRUE	TwinsUK
TWPID11095	TWPID11095	NA	LCL	naive	0	50bp	FALSE	TRUE	poly(A)	TRUE	TwinsUK
TWPID11096	TWPID11096	NA	LCL	naive	0	50bp	FALSE	TRUE	poly(A)	TRUE	TwinsUK
TWPID1519	TWPID1519	NA	LCL	naive	0	50bp	FALSE	TRUE	poly(A)	TRUE	TwinsUK
TWPID1591	TWPID1591	NA	LCL	naive	0	50bp	FALSE	TRUE	poly(A)	TRUE	TwinsUK
TWPID1844	TWPID1844	NA	LCL	naive	0	50bp	FALSE	TRUE	poly(A)	TRUE	TwinsUK
TWPID2552	TWPID2552	NA	LCL	naive	0	50bp	FALSE	TRUE	poly(A)	TRUE	TwinsUK
TWPID4751	TWPID4751	NA	LCL	naive	0	50bp	FALSE	TRUE	poly(A)	TRUE	TwinsUK
TWPID5410	TWPID5410	NA	LCL	naive	0	50bp	FALSE	TRUE	poly(A)	TRUE	TwinsUK
TWPID6827	TWPID6827	NA	LCL	naive	0	50bp	FALSE	TRUE	poly(A)	TRUE	TwinsUK
TWPID7209	TWPID7209	NA	LCL	naive	0	50bp	FALSE	TRUE	poly(A)	TRUE	TwinsUK
